date,CEFIS Food Index,Turkstat Food Index,ITO Food Index
13/07/2018,80.50093045,78.15728122,76.18854036
14/07/2018,80.18045648,78.15728122,76.18854036
15/07/2018,80.3678893,78.15728122,76.18854036
16/07/2018,79.88043023,78.15728122,76.18854036
17/07/2018,79.43338399,78.15728122,76.18854036
18/07/2018,79.85845768,78.15728122,76.18854036
19/07/2018,80.22475457,78.15728122,76.18854036
20/07/2018,79.92111518,78.15728122,76.18854036
21/07/2018,79.41158574,78.15728122,76.18854036
22/07/2018,79.37003558,78.15728122,76.18854036
23/07/2018,79.71062368,78.15728122,76.18854036
24/07/2018,79.4249556,78.15728122,76.18854036
25/07/2018,80.42933088,78.15728122,76.18854036
26/07/2018,80.51292678,78.15728122,76.18854036
27/07/2018,79.94771235,78.15728122,76.18854036
28/07/2018,80.00142855,78.15728122,76.18854036
29/07/2018,80.06807158,78.15728122,76.18854036
30/07/2018,80.28135514,78.15728122,76.18854036
31/07/2018,79.64334886,78.15728122,76.18854036
01/08/2018,82.07292201,78.20656191,76.73016117
02/08/2018,81.5992379,78.20656191,76.73016117
03/08/2018,80.80474224,78.20656191,76.73016117
04/08/2018,80.90578644,78.20656191,76.73016117
05/08/2018,80.95130247,78.20656191,76.73016117
06/08/2018,85.50095489,78.20656191,76.73016117
07/08/2018,83.34059339,78.20656191,76.73016117
08/08/2018,81.16923453,78.20656191,76.73016117
09/08/2018,81.37023933,78.20656191,76.73016117
10/08/2018,81.27749217,78.20656191,76.73016117
11/08/2018,80.91999139,78.20656191,76.73016117
12/08/2018,80.77697345,78.20656191,76.73016117
13/08/2018,81.32463394,78.20656191,76.73016117
14/08/2018,80.94145392,78.20656191,76.73016117
15/08/2018,81.43327366,78.20656191,76.73016117
16/08/2018,81.92064511,78.20656191,76.73016117
17/08/2018,81.88193029,78.20656191,76.73016117
18/08/2018,82.41357322,78.20656191,76.73016117
19/08/2018,82.41382037,78.20656191,76.73016117
20/08/2018,82.53691262,78.20656191,76.73016117
21/08/2018,83.19515538,78.20656191,76.73016117
22/08/2018,83.22814131,78.20656191,76.73016117
23/08/2018,83.11060178,78.20656191,76.73016117
24/08/2018,83.1681194,78.20656191,76.73016117
25/08/2018,82.78580858,78.20656191,76.73016117
26/08/2018,82.88786462,78.20656191,76.73016117
27/08/2018,83.02118093,78.20656191,76.73016117
28/08/2018,82.43956625,78.20656191,76.73016117
29/08/2018,83.52349325,78.20656191,76.73016117
30/08/2018,83.2672404,78.20656191,76.73016117
31/08/2018,82.33612238,78.20656191,76.73016117
01/09/2018,82.30197929,83.21044751,80.40055441
02/09/2018,83.28079983,83.21044751,80.40055441
03/09/2018,84.05460628,83.21044751,80.40055441
04/09/2018,83.86551695,83.21044751,80.40055441
05/09/2018,85.00357514,83.21044751,80.40055441
06/09/2018,85.47590318,83.21044751,80.40055441
07/09/2018,85.31048839,83.21044751,80.40055441
08/09/2018,85.14450798,83.21044751,80.40055441
09/09/2018,83.95942936,83.21044751,80.40055441
10/09/2018,85.32948596,83.21044751,80.40055441
11/09/2018,85.0352458,83.21044751,80.40055441
12/09/2018,85.65503428,83.21044751,80.40055441
13/09/2018,86.61108112,83.21044751,80.40055441
14/09/2018,85.3079517,83.21044751,80.40055441
15/09/2018,85.51978441,83.21044751,80.40055441
16/09/2018,85.43087237,83.21044751,80.40055441
17/09/2018,86.31299909,83.21044751,80.40055441
18/09/2018,86.02778503,83.21044751,80.40055441
19/09/2018,87.56054928,83.21044751,80.40055441
20/09/2018,87.73596747,83.21044751,80.40055441
21/09/2018,87.40229813,83.21044751,80.40055441
22/09/2018,87.49761577,83.21044751,80.40055441
23/09/2018,87.49781429,83.21044751,80.40055441
24/09/2018,87.84657381,83.21044751,80.40055441
25/09/2018,88.18186586,83.21044751,80.40055441
26/09/2018,88.51419816,83.21044751,80.40055441
27/09/2018,88.9993376,83.21044751,80.40055441
28/09/2018,89.26540068,83.21044751,80.40055441
29/09/2018,87.94082445,83.21044751,80.40055441
30/09/2018,88.84685132,83.21044751,80.40055441
01/10/2018,89.81756836,85.89245437,82.87905387
02/10/2018,88.57729698,85.89245437,82.87905387
03/10/2018,88.40730253,85.89245437,82.87905387
04/10/2018,90.9166181,85.89245437,82.87905387
05/10/2018,90.16531432,85.89245437,82.87905387
06/10/2018,90.13253451,85.89245437,82.87905387
07/10/2018,90.09908583,85.89245437,82.87905387
08/10/2018,90.06498821,85.89245437,82.87905387
09/10/2018,88.76605831,85.89245437,82.87905387
10/10/2018,90.37311418,85.89245437,82.87905387
11/10/2018,90.32027451,85.89245437,82.87905387
12/10/2018,89.25054016,85.89245437,82.87905387
13/10/2018,89.30205494,85.89245437,82.87905387
14/10/2018,89.2384951,85.89245437,82.87905387
15/10/2018,90.57971088,85.89245437,82.87905387
16/10/2018,90.56447495,85.89245437,82.87905387
17/10/2018,92.31735169,85.89245437,82.87905387
18/10/2018,89.12902003,85.89245437,82.87905387
19/10/2018,88.42869628,85.89245437,82.87905387
20/10/2018,88.38056337,85.89245437,82.87905387
21/10/2018,88.11877975,85.89245437,82.87905387
22/10/2018,88.24456911,85.89245437,82.87905387
23/10/2018,86.33416204,85.89245437,82.87905387
24/10/2018,91.22874913,85.89245437,82.87905387
25/10/2018,87.37194164,85.89245437,82.87905387
26/10/2018,87.37085287,85.89245437,82.87905387
27/10/2018,87.45676911,85.89245437,82.87905387
28/10/2018,87.4846011,85.89245437,82.87905387
29/10/2018,87.40604966,85.89245437,82.87905387
30/10/2018,87.9229298,85.89245437,82.87905387
31/10/2018,87.36489113,85.89245437,82.87905387
01/11/2018,87.56712576,85.2555962,83.10824844
02/11/2018,86.4709062,85.2555962,83.10824844
03/11/2018,85.94984763,85.2555962,83.10824844
04/11/2018,84.96834201,85.2555962,83.10824844
05/11/2018,85.19316009,85.2555962,83.10824844
06/11/2018,85.81299364,85.2555962,83.10824844
07/11/2018,86.56600895,85.2555962,83.10824844
08/11/2018,86.8608208,85.2555962,83.10824844
09/11/2018,86.37801775,85.2555962,83.10824844
10/11/2018,86.1394868,85.2555962,83.10824844
11/11/2018,85.9686605,85.2555962,83.10824844
12/11/2018,85.21887448,85.2555962,83.10824844
13/11/2018,86.00506538,85.2555962,83.10824844
14/11/2018,86.25455529,85.2555962,83.10824844
15/11/2018,85.5441961,85.2555962,83.10824844
16/11/2018,85.27211765,85.2555962,83.10824844
17/11/2018,85.48223996,85.2555962,83.10824844
18/11/2018,85.68672208,85.2555962,83.10824844
19/11/2018,85.79751347,85.2555962,83.10824844
20/11/2018,85.81707091,85.2555962,83.10824844
21/11/2018,89.37689626,85.2555962,83.10824844
22/11/2018,86.41406761,85.2555962,83.10824844
23/11/2018,86.61083265,85.2555962,83.10824844
24/11/2018,85.13482991,85.2555962,83.10824844
25/11/2018,85.26225848,85.2555962,83.10824844
26/11/2018,85.37302415,85.2555962,83.10824844
27/11/2018,86.20498942,85.2555962,83.10824844
28/11/2018,86.3245173,85.2555962,83.10824844
29/11/2018,87.00297795,85.2555962,83.10824844
30/11/2018,86.90122867,85.2555962,83.10824844
01/12/2018,86.7941955,86.17297523,83.27184171
02/12/2018,86.91822979,86.17297523,83.27184171
03/12/2018,86.27188234,86.17297523,83.27184171
04/12/2018,87.09649739,86.17297523,83.27184171
05/12/2018,86.87624675,86.17297523,83.27184171
06/12/2018,87.26139733,86.17297523,83.27184171
07/12/2018,87.18020733,86.17297523,83.27184171
08/12/2018,86.18271384,86.17297523,83.27184171
09/12/2018,86.26172869,86.17297523,83.27184171
10/12/2018,86.17778036,86.17297523,83.27184171
11/12/2018,87.08904848,86.17297523,83.27184171
12/12/2018,87.4227953,86.17297523,83.27184171
13/12/2018,87.35725685,86.17297523,83.27184171
14/12/2018,87.72051717,86.17297523,83.27184171
15/12/2018,87.67271363,86.17297523,83.27184171
16/12/2018,87.53118871,86.17297523,83.27184171
17/12/2018,87.62913288,86.17297523,83.27184171
18/12/2018,88.3602089,86.17297523,83.27184171
19/12/2018,87.51972012,86.17297523,83.27184171
20/12/2018,87.93774635,86.17297523,83.27184171
21/12/2018,87.71763164,86.17297523,83.27184171
22/12/2018,86.23921368,86.17297523,83.27184171
23/12/2018,86.37745888,86.17297523,83.27184171
24/12/2018,86.51564233,86.17297523,83.27184171
25/12/2018,87.35007297,86.17297523,83.27184171
26/12/2018,88.50071871,86.17297523,83.27184171
27/12/2018,88.75341656,86.17297523,83.27184171
28/12/2018,89.0240473,86.17297523,83.27184171
29/12/2018,89.36797621,86.17297523,83.27184171
30/12/2018,89.59483755,86.17297523,83.27184171
31/12/2018,89.50489005,86.17297523,83.27184171
01/01/2019,93.60689521,91.71326219,85.37764373
02/01/2019,90.0926606,91.71326219,85.37764373
03/01/2019,91.19817738,91.71326219,85.37764373
04/01/2019,90.8103198,91.71326219,85.37764373
05/01/2019,91.19566033,91.71326219,85.37764373
06/01/2019,90.96147427,91.71326219,85.37764373
07/01/2019,90.9433571,91.71326219,85.37764373
08/01/2019,91.77647479,91.71326219,85.37764373
09/01/2019,91.8512804,91.71326219,85.37764373
10/01/2019,91.81999504,91.71326219,85.37764373
11/01/2019,92.19599307,91.71326219,85.37764373
12/01/2019,92.08535667,91.71326219,85.37764373
13/01/2019,92.55295743,91.71326219,85.37764373
14/01/2019,92.10762096,91.71326219,85.37764373
15/01/2019,92.69322565,91.71326219,85.37764373
16/01/2019,93.63031821,91.71326219,85.37764373
17/01/2019,94.20438942,91.71326219,85.37764373
18/01/2019,94.3828191,91.71326219,85.37764373
19/01/2019,93.76552978,91.71326219,85.37764373
20/01/2019,93.67458296,91.71326219,85.37764373
21/01/2019,91.8829906,91.71326219,85.37764373
22/01/2019,93.45251766,91.71326219,85.37764373
23/01/2019,92.89415981,91.71326219,85.37764373
24/01/2019,93.24407371,91.71326219,85.37764373
25/01/2019,94.55230439,91.71326219,85.37764373
26/01/2019,92.89259887,91.71326219,85.37764373
27/01/2019,92.5275239,91.71326219,85.37764373
28/01/2019,92.66823653,91.71326219,85.37764373
29/01/2019,94.09362503,91.71326219,85.37764373
30/01/2019,94.81056495,91.71326219,85.37764373
31/01/2019,95.07080082,91.71326219,85.37764373
01/02/2019,94.04157426,92.54155689,86.61586844
02/02/2019,94.35826971,92.54155689,86.61586844
03/02/2019,94.29907046,92.54155689,86.61586844
04/02/2019,93.88972799,92.54155689,86.61586844
05/02/2019,92.50970421,92.54155689,86.61586844
06/02/2019,93.32873606,92.54155689,86.61586844
07/02/2019,92.86561962,92.54155689,86.61586844
08/02/2019,93.07352738,92.54155689,86.61586844
09/02/2019,93.06539073,92.54155689,86.61586844
10/02/2019,92.44086031,92.54155689,86.61586844
11/02/2019,93.65361859,92.54155689,86.61586844
12/02/2019,91.42496092,92.54155689,86.61586844
13/02/2019,92.23682234,92.54155689,86.61586844
14/02/2019,93.86338932,92.54155689,86.61586844
15/02/2019,93.30614491,92.54155689,86.61586844
16/02/2019,92.23047089,92.54155689,86.61586844
17/02/2019,91.89523365,92.54155689,86.61586844
18/02/2019,92.33580773,92.54155689,86.61586844
19/02/2019,92.4267728,92.54155689,86.61586844
20/02/2019,88.44327301,92.54155689,86.61586844
21/02/2019,89.2924111,92.54155689,86.61586844
22/02/2019,89.52959959,92.54155689,86.61586844
23/02/2019,88.7249715,92.54155689,86.61586844
24/02/2019,88.86642196,92.54155689,86.61586844
25/02/2019,88.67412982,92.54155689,86.61586844
26/02/2019,88.69833297,92.54155689,86.61586844
27/02/2019,89.33363856,92.54155689,86.61586844
28/02/2019,89.58779786,92.54155689,86.61586844
01/03/2019,89.83945036,94.79709623,87.41292434
02/03/2019,90.48183213,94.79709623,87.41292434
03/03/2019,90.51245902,94.79709623,87.41292434
04/03/2019,90.54273497,94.79709623,87.41292434
05/03/2019,90.56520896,94.79709623,87.41292434
06/03/2019,89.50777589,94.79709623,87.41292434
07/03/2019,90.71147524,94.79709623,87.41292434
08/03/2019,90.77846224,94.79709623,87.41292434
09/03/2019,91.31862491,94.79709623,87.41292434
10/03/2019,90.79926705,94.79709623,87.41292434
11/03/2019,90.96986506,94.79709623,87.41292434
12/03/2019,91.73609789,94.79709623,87.41292434
13/03/2019,90.91265729,94.79709623,87.41292434
14/03/2019,92.14458148,94.79709623,87.41292434
15/03/2019,91.89240038,94.79709623,87.41292434
16/03/2019,92.2507332,94.79709623,87.41292434
17/03/2019,92.03257967,94.79709623,87.41292434
18/03/2019,91.55328417,94.79709623,87.41292434
19/03/2019,91.94679596,94.79709623,87.41292434
20/03/2019,91.56720577,94.79709623,87.41292434
21/03/2019,92.05118689,94.79709623,87.41292434
22/03/2019,91.96120589,94.79709623,87.41292434
23/03/2019,91.33286512,94.79709623,87.41292434
24/03/2019,90.70250742,94.79709623,87.41292434
25/03/2019,90.79106071,94.79709623,87.41292434
26/03/2019,90.63263261,94.79709623,87.41292434
27/03/2019,91.14506803,94.79709623,87.41292434
28/03/2019,91.17694563,94.79709623,87.41292434
29/03/2019,90.36602179,94.79709623,87.41292434
30/03/2019,90.58383161,94.79709623,87.41292434
31/03/2019,90.1716096,94.79709623,87.41292434
01/04/2019,91.48159613,96.12009325,90.27512168
02/04/2019,91.38362178,96.12009325,90.27512168
03/04/2019,91.47124749,96.12009325,90.27512168
04/04/2019,92.28244765,96.12009325,90.27512168
05/04/2019,92.4584622,96.12009325,90.27512168
06/04/2019,93.05894688,96.12009325,90.27512168
07/04/2019,93.13175956,96.12009325,90.27512168
08/04/2019,93.07989197,96.12009325,90.27512168
09/04/2019,93.31162244,96.12009325,90.27512168
10/04/2019,93.04548785,96.12009325,90.27512168
11/04/2019,94.51504461,96.12009325,90.27512168
12/04/2019,94.97770221,96.12009325,90.27512168
13/04/2019,95.59577181,96.12009325,90.27512168
14/04/2019,95.45057943,96.12009325,90.27512168
15/04/2019,95.55021924,96.12009325,90.27512168
16/04/2019,95.92923349,96.12009325,90.27512168
17/04/2019,96.09734872,96.12009325,90.27512168
18/04/2019,97.07802347,96.12009325,90.27512168
19/04/2019,96.66293811,96.12009325,90.27512168
20/04/2019,96.41511899,96.12009325,90.27512168
21/04/2019,96.41547113,96.12009325,90.27512168
22/04/2019,96.82131364,96.12009325,90.27512168
23/04/2019,96.70657627,96.12009325,90.27512168
24/04/2019,96.28048628,96.12009325,90.27512168
25/04/2019,96.80862126,96.12009325,90.27512168
26/04/2019,96.30376698,96.12009325,90.27512168
27/04/2019,95.53967037,96.12009325,90.27512168
28/04/2019,95.51986335,96.12009325,90.27512168
29/04/2019,95.97351627,96.12009325,90.27512168
30/04/2019,95.26613391,96.12009325,90.27512168
01/05/2019,95.73804106,94.99042817,91.52994585
02/05/2019,97.22404611,94.99042817,91.52994585
03/05/2019,97.09164673,94.99042817,91.52994585
04/05/2019,96.32752056,94.99042817,91.52994585
05/05/2019,96.58002795,94.99042817,91.52994585
06/05/2019,96.51062387,94.99042817,91.52994585
07/05/2019,96.73722504,94.99042817,91.52994585
08/05/2019,96.44722449,94.99042817,91.52994585
09/05/2019,97.01233019,94.99042817,91.52994585
10/05/2019,97.73633992,94.99042817,91.52994585
11/05/2019,97.28399965,94.99042817,91.52994585
12/05/2019,97.47471494,94.99042817,91.52994585
13/05/2019,97.49202666,94.99042817,91.52994585
14/05/2019,97.37683396,94.99042817,91.52994585
15/05/2019,96.41521641,94.99042817,91.52994585
16/05/2019,97.2975146,94.99042817,91.52994585
17/05/2019,96.69541944,94.99042817,91.52994585
18/05/2019,95.14338341,94.99042817,91.52994585
19/05/2019,96.09835517,94.99042817,91.52994585
20/05/2019,95.85729499,94.99042817,91.52994585
21/05/2019,95.5677916,94.99042817,91.52994585
22/05/2019,95.2242142,94.99042817,91.52994585
23/05/2019,95.37820767,94.99042817,91.52994585
24/05/2019,95.19084821,94.99042817,91.52994585
25/05/2019,95.03648698,94.99042817,91.52994585
26/05/2019,94.88141879,94.99042817,91.52994585
27/05/2019,95.01238581,94.99042817,91.52994585
28/05/2019,94.30982024,94.99042817,91.52994585
29/05/2019,93.26208748,94.99042817,91.52994585
30/05/2019,92.52309957,94.99042817,91.52994585
31/05/2019,91.84960963,94.99042817,91.52994585
01/06/2019,92.58528065,93.42481851,89.44306309
02/06/2019,93.8995126,93.42481851,89.44306309
03/06/2019,94.34461277,93.42481851,89.44306309
04/06/2019,95.77386075,93.42481851,89.44306309
05/06/2019,95.73113145,93.42481851,89.44306309
06/06/2019,95.93282546,93.42481851,89.44306309
07/06/2019,95.73860173,93.42481851,89.44306309
08/06/2019,94.85263843,93.42481851,89.44306309
09/06/2019,94.44613963,93.42481851,89.44306309
10/06/2019,94.31183578,93.42481851,89.44306309
11/06/2019,94.43927628,93.42481851,89.44306309
12/06/2019,94.62398838,93.42481851,89.44306309
13/06/2019,94.86897344,93.42481851,89.44306309
14/06/2019,93.35869384,93.42481851,89.44306309
15/06/2019,94.04385054,93.42481851,89.44306309
16/06/2019,94.63871038,93.42481851,89.44306309
17/06/2019,94.95130083,93.42481851,89.44306309
18/06/2019,95.27780157,93.42481851,89.44306309
19/06/2019,94.88704187,93.42481851,89.44306309
20/06/2019,95.10707606,93.42481851,89.44306309
21/06/2019,94.61281365,93.42481851,89.44306309
22/06/2019,93.42846747,93.42481851,89.44306309
23/06/2019,93.47256399,93.42481851,89.44306309
24/06/2019,93.96984931,93.42481851,89.44306309
25/06/2019,94.60671293,93.42481851,89.44306309
26/06/2019,94.51767829,93.42481851,89.44306309
27/06/2019,94.3493176,93.42481851,89.44306309
28/06/2019,94.8118835,93.42481851,89.44306309
29/06/2019,94.51617352,93.42481851,89.44306309
30/06/2019,94.12845628,93.42481851,89.44306309
01/07/2019,94.25170197,92.38992399,89.12106808
02/07/2019,95.22324362,92.38992399,89.12106808
03/07/2019,93.96382547,92.38992399,89.12106808
04/07/2019,94.47088754,92.38992399,89.12106808
05/07/2019,93.8983275,92.38992399,89.12106808
06/07/2019,94.01775338,92.38992399,89.12106808
07/07/2019,93.95011495,92.38992399,89.12106808
08/07/2019,93.92530132,92.38992399,89.12106808
09/07/2019,93.84368466,92.38992399,89.12106808
10/07/2019,92.68688961,92.38992399,89.12106808
11/07/2019,92.27506896,92.38992399,89.12106808
12/07/2019,93.87682444,92.38992399,89.12106808
13/07/2019,94.11972435,92.38992399,89.12106808
14/07/2019,93.72009422,92.38992399,89.12106808
15/07/2019,93.6836261,92.38992399,89.12106808
16/07/2019,93.35656642,92.38992399,89.12106808
17/07/2019,94.69471278,92.38992399,89.12106808
18/07/2019,95.18444785,92.38992399,89.12106808
19/07/2019,94.9302268,92.38992399,89.12106808
20/07/2019,94.40897449,92.38992399,89.12106808
21/07/2019,94.37090689,92.38992399,89.12106808
22/07/2019,94.20098934,92.38992399,89.12106808
23/07/2019,94.45201801,92.38992399,89.12106808
24/07/2019,93.92429646,92.38992399,89.12106808
25/07/2019,93.64696255,92.38992399,89.12106808
26/07/2019,93.46213086,92.38992399,89.12106808
27/07/2019,93.41117297,92.38992399,89.12106808
28/07/2019,93.50076176,92.38992399,89.12106808
29/07/2019,93.35404598,92.38992399,89.12106808
30/07/2019,93.77336141,92.38992399,89.12106808
31/07/2019,93.70656648,92.38992399,89.12106808
01/08/2019,94.73840991,91.67724938,94.06728735
02/08/2019,94.39046874,91.67724938,94.06728735
03/08/2019,94.04131457,91.67724938,94.06728735
04/08/2019,94.06740745,91.67724938,94.06728735
05/08/2019,94.02469022,91.67724938,94.06728735
06/08/2019,89.30311299,91.67724938,94.06728735
07/08/2019,90.65753449,91.67724938,94.06728735
08/08/2019,90.86723943,91.67724938,94.06728735
09/08/2019,91.07615571,91.67724938,94.06728735
10/08/2019,91.2489286,91.67724938,94.06728735
11/08/2019,91.38702185,91.67724938,94.06728735
12/08/2019,91.70396511,91.67724938,94.06728735
13/08/2019,91.56460308,91.67724938,94.06728735
14/08/2019,91.62598816,91.67724938,94.06728735
15/08/2019,90.74453025,91.67724938,94.06728735
16/08/2019,90.72861897,91.67724938,94.06728735
17/08/2019,90.77058251,91.67724938,94.06728735
18/08/2019,90.94462957,91.67724938,94.06728735
19/08/2019,91.61661394,91.67724938,94.06728735
20/08/2019,91.82572898,91.67724938,94.06728735
21/08/2019,92.46489429,91.67724938,94.06728735
22/08/2019,92.49018665,91.67724938,94.06728735
23/08/2019,91.90357319,91.67724938,94.06728735
24/08/2019,91.43683589,91.67724938,94.06728735
25/08/2019,91.35536252,91.67724938,94.06728735
26/08/2019,91.15966835,91.67724938,94.06728735
27/08/2019,90.6309664,91.67724938,94.06728735
28/08/2019,90.32803812,91.67724938,94.06728735
29/08/2019,90.91392937,91.67724938,94.06728735
30/08/2019,90.57475704,91.67724938,94.06728735
31/08/2019,90.53397103,91.67724938,94.06728735
01/09/2019,90.27692039,91.12947554,94.34948922
02/09/2019,90.7079397,91.12947554,94.34948922
03/09/2019,90.97950151,91.12947554,94.34948922
04/09/2019,90.60237513,91.12947554,94.34948922
05/09/2019,90.51051711,91.12947554,94.34948922
06/09/2019,90.53145095,91.12947554,94.34948922
07/09/2019,90.63287607,91.12947554,94.34948922
08/09/2019,90.44952655,91.12947554,94.34948922
09/09/2019,90.75753627,91.12947554,94.34948922
10/09/2019,91.3877972,91.12947554,94.34948922
11/09/2019,91.5963384,91.12947554,94.34948922
12/09/2019,91.80344476,91.12947554,94.34948922
13/09/2019,87.80056158,91.12947554,94.34948922
14/09/2019,90.72487012,91.12947554,94.34948922
15/09/2019,90.94666292,91.12947554,94.34948922
16/09/2019,90.08523759,91.12947554,94.34948922
17/09/2019,92.01447333,91.12947554,94.34948922
18/09/2019,91.93632227,91.12947554,94.34948922
19/09/2019,92.20906246,91.12947554,94.34948922
20/09/2019,92.44545613,91.12947554,94.34948922
21/09/2019,92.32812818,91.12947554,94.34948922
22/09/2019,92.14941436,91.12947554,94.34948922
23/09/2019,92.19800769,91.12947554,94.34948922
24/09/2019,92.39574111,91.12947554,94.34948922
25/09/2019,92.17144135,91.12947554,94.34948922
26/09/2019,93.11248249,91.12947554,94.34948922
27/09/2019,93.17495189,91.12947554,94.34948922
28/09/2019,92.55532406,91.12947554,94.34948922
29/09/2019,91.94091799,91.12947554,94.34948922
30/09/2019,91.97188172,91.12947554,94.34948922
01/10/2019,92.72914139,92.63443204,95.66094709
02/10/2019,92.89015633,92.63443204,95.66094709
03/10/2019,93.94615305,92.63443204,95.66094709
04/10/2019,94.43985523,92.63443204,95.66094709
05/10/2019,93.54487419,92.63443204,95.66094709
06/10/2019,93.85470706,92.63443204,95.66094709
07/10/2019,94.00901546,92.63443204,95.66094709
08/10/2019,94.04068323,92.63443204,95.66094709
09/10/2019,94.26333607,92.63443204,95.66094709
10/10/2019,93.79607895,92.63443204,95.66094709
11/10/2019,93.45800433,92.63443204,95.66094709
12/10/2019,93.31650005,92.63443204,95.66094709
13/10/2019,92.93235234,92.63443204,95.66094709
14/10/2019,92.16569349,92.63443204,95.66094709
15/10/2019,92.62974468,92.63443204,95.66094709
16/10/2019,93.39256819,92.63443204,95.66094709
17/10/2019,93.50609247,92.63443204,95.66094709
18/10/2019,93.61335906,92.63443204,95.66094709
19/10/2019,93.06875807,92.63443204,95.66094709
20/10/2019,92.69859378,92.63443204,95.66094709
21/10/2019,92.9109974,92.63443204,95.66094709
22/10/2019,93.73979737,92.63443204,95.66094709
23/10/2019,93.3479767,92.63443204,95.66094709
24/10/2019,94.14663215,92.63443204,95.66094709
25/10/2019,93.27001589,92.63443204,95.66094709
26/10/2019,93.30721053,92.63443204,95.66094709
27/10/2019,93.25240521,92.63443204,95.66094709
28/10/2019,93.05876044,92.63443204,95.66094709
29/10/2019,93.36649314,92.63443204,95.66094709
30/10/2019,92.96450698,92.63443204,95.66094709
31/10/2019,93.96943028,92.63443204,95.66094709
01/11/2019,94.50419727,92.83724104,96.75148189
02/11/2019,94.25838888,92.83724104,96.75148189
03/11/2019,94.01130489,92.83724104,96.75148189
04/11/2019,94.05676134,92.83724104,96.75148189
05/11/2019,94.56528242,92.83724104,96.75148189
06/11/2019,93.38286442,92.83724104,96.75148189
07/11/2019,93.9836871,92.83724104,96.75148189
08/11/2019,93.94340442,92.83724104,96.75148189
09/11/2019,93.40862127,92.83724104,96.75148189
10/11/2019,93.22646616,92.83724104,96.75148189
11/11/2019,93.04356151,92.83724104,96.75148189
12/11/2019,93.45708717,92.83724104,96.75148189
13/11/2019,93.07815781,92.83724104,96.75148189
14/11/2019,92.98027287,92.83724104,96.75148189
15/11/2019,93.16826831,92.83724104,96.75148189
16/11/2019,92.54756371,92.83724104,96.75148189
17/11/2019,92.38686482,92.83724104,96.75148189
18/11/2019,92.49823593,92.83724104,96.75148189
19/11/2019,93.19470265,92.83724104,96.75148189
20/11/2019,94.23020219,92.83724104,96.75148189
21/11/2019,93.41852389,92.83724104,96.75148189
22/11/2019,93.42665228,92.83724104,96.75148189
23/11/2019,93.47593019,92.83724104,96.75148189
24/11/2019,93.68099754,92.83724104,96.75148189
25/11/2019,93.77361851,92.83724104,96.75148189
26/11/2019,94.2880482,92.83724104,96.75148189
27/11/2019,92.9902886,92.83724104,96.75148189
28/11/2019,93.71045871,92.83724104,96.75148189
29/11/2019,93.74692665,92.83724104,96.75148189
30/11/2019,93.64947382,92.83724104,96.75148189
01/12/2019,94.02180219,95.55526071,98.25112986
02/12/2019,94.56747452,95.55526071,98.25112986
03/12/2019,95.18745451,95.55526071,98.25112986
04/12/2019,94.73058573,95.55526071,98.25112986
05/12/2019,94.94179485,95.55526071,98.25112986
06/12/2019,95.02860623,95.55526071,98.25112986
07/12/2019,95.18392204,95.55526071,98.25112986
08/12/2019,94.86607025,95.55526071,98.25112986
09/12/2019,95.55362147,95.55526071,98.25112986
10/12/2019,94.86672035,95.55526071,98.25112986
11/12/2019,95.63606602,95.55526071,98.25112986
12/12/2019,95.6709444,95.55526071,98.25112986
13/12/2019,93.22766682,95.55526071,98.25112986
14/12/2019,94.4508675,95.55526071,98.25112986
15/12/2019,95.11689563,95.55526071,98.25112986
16/12/2019,95.09135819,95.55526071,98.25112986
17/12/2019,94.82715758,95.55526071,98.25112986
18/12/2019,95.94717376,95.55526071,98.25112986
19/12/2019,95.59488424,95.55526071,98.25112986
20/12/2019,95.26781199,95.55526071,98.25112986
21/12/2019,94.98002403,95.55526071,98.25112986
22/12/2019,95.03186602,95.55526071,98.25112986
23/12/2019,95.3881731,95.55526071,98.25112986
24/12/2019,95.55508809,95.55526071,98.25112986
25/12/2019,96.88879342,95.55526071,98.25112986
26/12/2019,96.92910509,95.55526071,98.25112986
27/12/2019,96.59630962,95.55526071,98.25112986
28/12/2019,96.33096532,95.55526071,98.25112986
29/12/2019,96.43082308,95.55526071,98.25112986
30/12/2019,96.51191617,95.55526071,98.25112986
31/12/2019,96.85558995,95.55526071,98.25112986
01/01/2020,97.8543178,100,100
02/01/2020,97.97468147,100,100
03/01/2020,99.43637836,100,100
04/01/2020,98.72073503,100,100
05/01/2020,99.85258279,100,100
06/01/2020,100.1250911,100,100
07/01/2020,99.95449205,100,100
08/01/2020,99.85504889,100,100
09/01/2020,100.2425877,100,100
10/01/2020,100.2757351,100,100
11/01/2020,100.1208406,100,100
12/01/2020,100.2120084,100,100
13/01/2020,100.8047314,100,100
14/01/2020,100.7658667,100,100
15/01/2020,101.0659679,100,100
16/01/2020,101.269231,100,100
17/01/2020,100.571572,100,100
18/01/2020,100.2855201,100,100
19/01/2020,100.1996332,100,100
20/01/2020,100.4202018,100,100
21/01/2020,100.3359413,100,100
22/01/2020,100.7348913,100,100
23/01/2020,100.9817745,100,100
24/01/2020,101.6282031,100,100
25/01/2020,102.2255823,100,100
26/01/2020,102.7442435,100,100
27/01/2020,98.01572804,100,100
28/01/2020,96.84175871,100,100
29/01/2020,98.37559023,100,100
30/01/2020,99.07237576,100,100
31/01/2020,99.03668777,100,100
01/02/2020,102.3226742,102.3294604,100.84
02/02/2020,102.4132171,102.3294604,100.84
03/02/2020,102.4309466,102.3294604,100.84
04/02/2020,102.6547113,102.3294604,100.84
05/02/2020,102.7206004,102.3294604,100.84
06/02/2020,104.2495265,102.3294604,100.84
07/02/2020,103.9069776,102.3294604,100.84
08/02/2020,103.641547,102.3294604,100.84
09/02/2020,103.373922,102.3294604,100.84
10/02/2020,103.9486148,102.3294604,100.84
11/02/2020,103.195298,102.3294604,100.84
12/02/2020,103.5172521,102.3294604,100.84
13/02/2020,103.965836,102.3294604,100.84
14/02/2020,103.7992293,102.3294604,100.84
15/02/2020,103.5775227,102.3294604,100.84
16/02/2020,103.2323764,102.3294604,100.84
17/02/2020,103.0853574,102.3294604,100.84
18/02/2020,102.9381159,102.3294604,100.84
19/02/2020,103.6073975,102.3294604,100.84
20/02/2020,103.4741669,102.3294604,100.84
21/02/2020,102.9106887,102.3294604,100.84
22/02/2020,103.9254573,102.3294604,100.84
23/02/2020,102.9516411,102.3294604,100.84
24/02/2020,102.494569,102.3294604,100.84
25/02/2020,103.3509527,102.3294604,100.84
26/02/2020,105.1442211,102.3294604,100.84
27/02/2020,105.6208975,102.3294604,100.84
28/02/2020,106.3739385,102.3294604,100.84
29/02/2020,107.0639346,102.3294604,100.84
01/03/2020,107.8241698,104.3272238,101.828232
02/03/2020,107.5519502,104.3272238,101.828232
03/03/2020,108.2878084,104.3272238,101.828232
04/03/2020,107.3865982,104.3272238,101.828232
05/03/2020,107.9056103,104.3272238,101.828232
06/03/2020,107.7960816,104.3272238,101.828232
07/03/2020,106.9399779,104.3272238,101.828232
08/03/2020,107.9370431,104.3272238,101.828232
09/03/2020,108.0360041,104.3272238,101.828232
10/03/2020,107.8882349,104.3272238,101.828232
11/03/2020,107.123111,104.3272238,101.828232
12/03/2020,107.8466323,104.3272238,101.828232
13/03/2020,108.0927996,104.3272238,101.828232
14/03/2020,107.8357733,104.3272238,101.828232
15/03/2020,107.7903433,104.3272238,101.828232
16/03/2020,107.8170118,104.3272238,101.828232
17/03/2020,108.0255014,104.3272238,101.828232
18/03/2020,109.2495201,104.3272238,101.828232
19/03/2020,108.6529801,104.3272238,101.828232
20/03/2020,108.7642954,104.3272238,101.828232
21/03/2020,109.4907042,104.3272238,101.828232
22/03/2020,110.0339378,104.3272238,101.828232
23/03/2020,110.7460906,104.3272238,101.828232
24/03/2020,110.0080172,104.3272238,101.828232
25/03/2020,110.6218085,104.3272238,101.828232
26/03/2020,109.9377865,104.3272238,101.828232
27/03/2020,110.68138,104.3272238,101.828232
28/03/2020,109.1801252,104.3272238,101.828232
29/03/2020,106.5562376,104.3272238,101.828232
30/03/2020,107.163234,104.3272238,101.828232
31/03/2020,108.7147028,104.3272238,101.828232
01/04/2020,110.1667926,106.9618454,104.4350347
02/04/2020,108.6107796,106.9618454,104.4350347
03/04/2020,110.098086,106.9618454,104.4350347
04/04/2020,111.7603098,106.9618454,104.4350347
05/04/2020,109.4339893,106.9618454,104.4350347
06/04/2020,107.1244782,106.9618454,104.4350347
07/04/2020,108.9895733,106.9618454,104.4350347
08/04/2020,110.383374,106.9618454,104.4350347
09/04/2020,110.2607635,106.9618454,104.4350347
10/04/2020,110.9872687,106.9618454,104.4350347
11/04/2020,108.8346967,106.9618454,104.4350347
12/04/2020,110.3506997,106.9618454,104.4350347
13/04/2020,110.8692157,106.9618454,104.4350347
14/04/2020,109.3985177,106.9618454,104.4350347
15/04/2020,110.3524264,106.9618454,104.4350347
16/04/2020,115.0756028,106.9618454,104.4350347
17/04/2020,119.7768211,106.9618454,104.4350347
18/04/2020,119.1767447,106.9618454,104.4350347
19/04/2020,118.3593734,106.9618454,104.4350347
20/04/2020,119.1702215,106.9618454,104.4350347
21/04/2020,119.3979695,106.9618454,104.4350347
22/04/2020,119.6236923,106.9618454,104.4350347
23/04/2020,120.6861082,106.9618454,104.4350347
24/04/2020,119.1061432,106.9618454,104.4350347
25/04/2020,119.614156,106.9618454,104.4350347
26/04/2020,119.3732068,106.9618454,104.4350347
27/04/2020,115.9947042,106.9618454,104.4350347
28/04/2020,115.8270195,106.9618454,104.4350347
29/04/2020,117.3354894,106.9618454,104.4350347
30/04/2020,114.9652182,106.9618454,104.4350347
01/05/2020,116.2045275,107.2196213,105.2809585
02/05/2020,116.1378638,107.2196213,105.2809585
03/05/2020,116.0677465,107.2196213,105.2809585
04/05/2020,116.6253882,107.2196213,105.2809585
05/05/2020,114.9186701,107.2196213,105.2809585
06/05/2020,113.7015108,107.2196213,105.2809585
07/05/2020,115.8043864,107.2196213,105.2809585
08/05/2020,115.8108545,107.2196213,105.2809585
09/05/2020,122.531947,107.2196213,105.2809585
10/05/2020,115.4353682,107.2196213,105.2809585
11/05/2020,115.6566381,107.2196213,105.2809585
12/05/2020,116.490316,107.2196213,105.2809585
13/05/2020,116.6474983,107.2196213,105.2809585
14/05/2020,113.5034455,107.2196213,105.2809585
15/05/2020,113.3089811,107.2196213,105.2809585
16/05/2020,112.3956251,107.2196213,105.2809585
17/05/2020,113.1333406,107.2196213,105.2809585
18/05/2020,111.9895882,107.2196213,105.2809585
19/05/2020,112.6759374,107.2196213,105.2809585
20/05/2020,112.9828832,107.2196213,105.2809585
21/05/2020,111.5226734,107.2196213,105.2809585
22/05/2020,110.9668751,107.2196213,105.2809585
23/05/2020,111.0065067,107.2196213,105.2809585
24/05/2020,111.9567039,107.2196213,105.2809585
25/05/2020,111.6689677,107.2196213,105.2809585
26/05/2020,112.1230229,107.2196213,105.2809585
27/05/2020,110.8400917,107.2196213,105.2809585
28/05/2020,113.2161931,107.2196213,105.2809585
29/05/2020,112.9188997,107.2196213,105.2809585
30/05/2020,113.4340407,107.2196213,105.2809585
31/05/2020,114.0039835,107.2196213,105.2809585
01/06/2020,114.3811364,105.5004833,104.0702275
02/06/2020,113.341853,105.5004833,104.0702275
03/06/2020,112.9765296,105.5004833,104.0702275
04/06/2020,108.4829974,105.5004833,104.0702275
05/06/2020,112.6481355,105.5004833,104.0702275
06/06/2020,113.1468904,105.5004833,104.0702275
07/06/2020,113.2842729,105.5004833,104.0702275
08/06/2020,112.7685304,105.5004833,104.0702275
09/06/2020,112.2893163,105.5004833,104.0702275
10/06/2020,111.6536594,105.5004833,104.0702275
11/06/2020,111.7944219,105.5004833,104.0702275
12/06/2020,111.2265227,105.5004833,104.0702275
13/06/2020,110.7460816,105.5004833,104.0702275
14/06/2020,110.4964717,105.5004833,104.0702275
15/06/2020,110.767824,105.5004833,104.0702275
16/06/2020,105.8082772,105.5004833,104.0702275
17/06/2020,111.4362317,105.5004833,104.0702275
18/06/2020,111.7445568,105.5004833,104.0702275
19/06/2020,112.4183411,105.5004833,104.0702275
20/06/2020,112.2175784,105.5004833,104.0702275
21/06/2020,112.4052735,105.5004833,104.0702275
22/06/2020,112.3118313,105.5004833,104.0702275
23/06/2020,111.24127,105.5004833,104.0702275
24/06/2020,111.5961885,105.5004833,104.0702275
25/06/2020,111.8576362,105.5004833,104.0702275
26/06/2020,112.1084958,105.5004833,104.0702275
27/06/2020,111.9719454,105.5004833,104.0702275
28/06/2020,111.8721767,105.5004833,104.0702275
29/06/2020,111.4790687,105.5004833,104.0702275
30/06/2020,111.9482434,105.5004833,104.0702275
01/07/2020,110.9162723,104.1490551,103.5498763
02/07/2020,111.298756,104.1490551,103.5498763
03/07/2020,110.773105,104.1490551,103.5498763
04/07/2020,110.6815523,104.1490551,103.5498763
05/07/2020,110.8647047,104.1490551,103.5498763
06/07/2020,110.8909609,104.1490551,103.5498763
07/07/2020,112.6187172,104.1490551,103.5498763
08/07/2020,110.7446823,104.1490551,103.5498763
09/07/2020,110.8058313,104.1490551,103.5498763
10/07/2020,112.5686816,104.1490551,103.5498763
11/07/2020,114.2394784,104.1490551,103.5498763
12/07/2020,113.8233735,104.1490551,103.5498763
13/07/2020,114.2202869,104.1490551,103.5498763
14/07/2020,113.9487587,104.1490551,103.5498763
15/07/2020,111.6706731,104.1490551,103.5498763
16/07/2020,112.4574525,104.1490551,103.5498763
17/07/2020,111.9672024,104.1490551,103.5498763
18/07/2020,111.8786514,104.1490551,103.5498763
19/07/2020,111.1551395,104.1490551,103.5498763
20/07/2020,110.5995038,104.1490551,103.5498763
21/07/2020,111.1114593,104.1490551,103.5498763
22/07/2020,111.0963236,104.1490551,103.5498763
23/07/2020,110.5087676,104.1490551,103.5498763
24/07/2020,110.178887,104.1490551,103.5498763
25/07/2020,110.7123873,104.1490551,103.5498763
26/07/2020,109.8766315,104.1490551,103.5498763
27/07/2020,108.954503,104.1490551,103.5498763
28/07/2020,109.3706599,104.1490551,103.5498763
29/07/2020,109.5160669,104.1490551,103.5498763
30/07/2020,111.9906675,104.1490551,103.5498763
31/07/2020,110.1846858,104.1490551,103.5498763
01/08/2020,110.4244151,104.065657,104.4196953
02/08/2020,109.908579,104.065657,104.4196953
03/08/2020,110.0698539,104.065657,104.4196953
04/08/2020,109.2205506,104.065657,104.4196953
05/08/2020,110.0744271,104.065657,104.4196953
06/08/2020,109.3054682,104.065657,104.4196953
07/08/2020,110.1429198,104.065657,104.4196953
08/08/2020,110.1554253,104.065657,104.4196953
09/08/2020,109.7245668,104.065657,104.4196953
10/08/2020,112.1975829,104.065657,104.4196953
11/08/2020,112.6430799,104.065657,104.4196953
12/08/2020,113.3151714,104.065657,104.4196953
13/08/2020,115.0711698,104.065657,104.4196953
14/08/2020,115.3822161,104.065657,104.4196953
15/08/2020,114.6330751,104.065657,104.4196953
16/08/2020,114.7517497,104.065657,104.4196953
17/08/2020,113.2652057,104.065657,104.4196953
18/08/2020,112.788077,104.065657,104.4196953
19/08/2020,113.5138759,104.065657,104.4196953
20/08/2020,113.9347505,104.065657,104.4196953
21/08/2020,113.7583137,104.065657,104.4196953
22/08/2020,113.5085874,104.065657,104.4196953
23/08/2020,113.737549,104.065657,104.4196953
24/08/2020,113.9228847,104.065657,104.4196953
25/08/2020,113.2622336,104.065657,104.4196953
26/08/2020,113.0879224,104.065657,104.4196953
27/08/2020,113.1082808,104.065657,104.4196953
28/08/2020,112.7418091,104.065657,104.4196953
29/08/2020,114.7343649,104.065657,104.4196953
30/08/2020,115.1758182,104.065657,104.4196953
31/08/2020,112.9265425,104.065657,104.4196953
01/09/2020,113.329061,104.7517959,105.7353835
02/09/2020,114.0746993,104.7517959,105.7353835
03/09/2020,114.9002845,104.7517959,105.7353835
04/09/2020,114.6127894,104.7517959,105.7353835
05/09/2020,114.9181293,104.7517959,105.7353835
06/09/2020,115.011477,104.7517959,105.7353835
07/09/2020,114.717717,104.7517959,105.7353835
08/09/2020,115.0356257,104.7517959,105.7353835
09/09/2020,114.5474159,104.7517959,105.7353835
10/09/2020,115.3785166,104.7517959,105.7353835
11/09/2020,115.8381757,104.7517959,105.7353835
12/09/2020,115.0586162,104.7517959,105.7353835
13/09/2020,115.2308657,104.7517959,105.7353835
14/09/2020,114.5157502,104.7517959,105.7353835
15/09/2020,115.4312405,104.7517959,105.7353835
16/09/2020,115.1123739,104.7517959,105.7353835
17/09/2020,113.9597528,104.7517959,105.7353835
18/09/2020,114.4285768,104.7517959,105.7353835
19/09/2020,114.0695847,104.7517959,105.7353835
20/09/2020,113.2804389,104.7517959,105.7353835
21/09/2020,117.4277424,104.7517959,105.7353835
22/09/2020,114.4798497,104.7517959,105.7353835
23/09/2020,114.1657296,104.7517959,105.7353835
24/09/2020,114.5423018,104.7517959,105.7353835
25/09/2020,115.5314183,104.7517959,105.7353835
26/09/2020,115.1534706,104.7517959,105.7353835
27/09/2020,115.667916,104.7517959,105.7353835
28/09/2020,114.9432767,104.7517959,105.7353835
29/09/2020,116.1284895,104.7517959,105.7353835
30/09/2020,116.6026067,104.7517959,105.7353835
01/10/2020,119.7699779,107.9247143,109.6052985
02/10/2020,119.7616985,107.9247143,109.6052985
03/10/2020,117.9856586,107.9247143,109.6052985
04/10/2020,118.6491981,107.9247143,109.6052985
05/10/2020,118.0499693,107.9247143,109.6052985
06/10/2020,118.7575493,107.9247143,109.6052985
07/10/2020,119.1050489,107.9247143,109.6052985
08/10/2020,118.5288791,107.9247143,109.6052985
09/10/2020,118.1606851,107.9247143,109.6052985
10/10/2020,118.6762721,107.9247143,109.6052985
11/10/2020,119.0843209,107.9247143,109.6052985
12/10/2020,120.7455702,107.9247143,109.6052985
13/10/2020,119.7000623,107.9247143,109.6052985
14/10/2020,119.7306977,107.9247143,109.6052985
15/10/2020,119.6477504,107.9247143,109.6052985
16/10/2020,119.7912219,107.9247143,109.6052985
17/10/2020,114.6053954,107.9247143,109.6052985
18/10/2020,115.3185816,107.9247143,109.6052985
19/10/2020,115.1714968,107.9247143,109.6052985
20/10/2020,115.7225761,107.9247143,109.6052985
21/10/2020,119.2978068,107.9247143,109.6052985
22/10/2020,119.5735489,107.9247143,109.6052985
23/10/2020,119.7998203,107.9247143,109.6052985
24/10/2020,119.5093568,107.9247143,109.6052985
25/10/2020,121.8181889,107.9247143,109.6052985
26/10/2020,120.0899315,107.9247143,109.6052985
27/10/2020,120.0415671,107.9247143,109.6052985
28/10/2020,119.5514249,107.9247143,109.6052985
29/10/2020,120.783336,107.9247143,109.6052985
30/10/2020,120.6708346,107.9247143,109.6052985
31/10/2020,120.5449853,107.9247143,109.6052985
01/11/2020,120.5064888,112.4111526,113.0797865
02/11/2020,121.0248038,112.4111526,113.0797865
03/11/2020,121.0367372,112.4111526,113.0797865
04/11/2020,121.4921893,112.4111526,113.0797865
05/11/2020,123.1293638,112.4111526,113.0797865
06/11/2020,122.5551641,112.4111526,113.0797865
07/11/2020,118.5909252,112.4111526,113.0797865
08/11/2020,121.7566438,112.4111526,113.0797865
09/11/2020,122.2575391,112.4111526,113.0797865
10/11/2020,122.6879608,112.4111526,113.0797865
11/11/2020,122.6537048,112.4111526,113.0797865
12/11/2020,123.4486169,112.4111526,113.0797865
13/11/2020,122.6961737,112.4111526,113.0797865
14/11/2020,122.4378508,112.4111526,113.0797865
15/11/2020,122.3089184,112.4111526,113.0797865
16/11/2020,122.8970273,112.4111526,113.0797865
17/11/2020,123.2022158,112.4111526,113.0797865
18/11/2020,122.7556185,112.4111526,113.0797865
19/11/2020,123.3132888,112.4111526,113.0797865
20/11/2020,122.4666388,112.4111526,113.0797865
21/11/2020,123.6775142,112.4111526,113.0797865
22/11/2020,124.2040847,112.4111526,113.0797865
23/11/2020,123.7379853,112.4111526,113.0797865
24/11/2020,121.455536,112.4111526,113.0797865
25/11/2020,122.7400348,112.4111526,113.0797865
26/11/2020,121.854249,112.4111526,113.0797865
27/11/2020,123.2843283,112.4111526,113.0797865
28/11/2020,124.709604,112.4111526,113.0797865
29/11/2020,125.2172561,112.4111526,113.0797865
30/11/2020,125.7633917,112.4111526,113.0797865
01/12/2020,128.2583132,115.252374,115.5675418
02/12/2020,125.0304489,115.252374,115.5675418
03/12/2020,125.1072534,115.252374,115.5675418
04/12/2020,125.9857753,115.252374,115.5675418
05/12/2020,126.7057883,115.252374,115.5675418
06/12/2020,126.5995701,115.252374,115.5675418
07/12/2020,127.0495471,115.252374,115.5675418
08/12/2020,126.4118906,115.252374,115.5675418
09/12/2020,123.515469,115.252374,115.5675418
10/12/2020,125.0093307,115.252374,115.5675418
11/12/2020,126.4979734,115.252374,115.5675418
12/12/2020,126.1999087,115.252374,115.5675418
13/12/2020,125.7886646,115.252374,115.5675418
14/12/2020,125.3744617,115.252374,115.5675418
15/12/2020,130.9597932,115.252374,115.5675418
16/12/2020,126.4612204,115.252374,115.5675418
17/12/2020,129.3958161,115.252374,115.5675418
18/12/2020,129.2490914,115.252374,115.5675418
19/12/2020,129.0959938,115.252374,115.5675418
20/12/2020,128.9359034,115.252374,115.5675418
21/12/2020,128.7679432,115.252374,115.5675418
22/12/2020,127.705616,115.252374,115.5675418
23/12/2020,126.6647507,115.252374,115.5675418
24/12/2020,128.3398258,115.252374,115.5675418
25/12/2020,128.8352796,115.252374,115.5675418
26/12/2020,128.8520901,115.252374,115.5675418
27/12/2020,129.1308299,115.252374,115.5675418
28/12/2020,129.406078,115.252374,115.5675418
29/12/2020,130.4300059,115.252374,115.5675418
30/12/2020,129.4668798,115.252374,115.5675418
31/12/2020,128.4979145,115.252374,115.5675418
01/01/2021,127.5239442,118.1144449,116.3534011
02/01/2021,126.8119016,118.1144449,116.3534011
03/01/2021,127.8838628,118.1144449,116.3534011
04/01/2021,128.0231982,118.1144449,116.3534011
05/01/2021,128.1601862,118.1144449,116.3534011
06/01/2021,128.2947039,118.1144449,116.3534011
07/01/2021,128.4544257,118.1144449,116.3534011
08/01/2021,128.5551167,118.1144449,116.3534011
09/01/2021,129.2039702,118.1144449,116.3534011
10/01/2021,129.4014052,118.1144449,116.3534011
11/01/2021,129.5674466,118.1144449,116.3534011
12/01/2021,130.5891576,118.1144449,116.3534011
13/01/2021,127.6749065,118.1144449,116.3534011
14/01/2021,126.2318488,118.1144449,116.3534011
15/01/2021,125.9094233,118.1144449,116.3534011
16/01/2021,130.7956401,118.1144449,116.3534011
17/01/2021,126.5344762,118.1144449,116.3534011
18/01/2021,127.3831468,118.1144449,116.3534011
19/01/2021,124.5395428,118.1144449,116.3534011
20/01/2021,124.7754872,118.1144449,116.3534011
21/01/2021,124.9255533,118.1144449,116.3534011
22/01/2021,125.0680257,118.1144449,116.3534011
23/01/2021,125.424213,118.1144449,116.3534011
24/01/2021,126.1635258,118.1144449,116.3534011
25/01/2021,125.6400908,118.1144449,116.3534011
26/01/2021,123.6367005,118.1144449,116.3534011
27/01/2021,123.7693283,118.1144449,116.3534011
28/01/2021,123.8873104,118.1144449,116.3534011
29/01/2021,125.9990121,118.1144449,116.3534011
30/01/2021,127.4125951,118.1144449,116.3534011
31/01/2021,127.1295422,118.1144449,116.3534011
01/02/2021,129.1296012,121.1546845,118.3197735
02/02/2021,130.4013471,121.1546845,118.3197735
03/02/2021,127.8808994,121.1546845,118.3197735
04/02/2021,126.5550569,121.1546845,118.3197735
05/02/2021,125.527319,121.1546845,118.3197735
06/02/2021,129.6504825,121.1546845,118.3197735
07/02/2021,129.7396587,121.1546845,118.3197735
08/02/2021,128.3125309,121.1546845,118.3197735
09/02/2021,128.1281864,121.1546845,118.3197735
10/02/2021,129.7590355,121.1546845,118.3197735
11/02/2021,129.4958427,121.1546845,118.3197735
12/02/2021,129.8471892,121.1546845,118.3197735
13/02/2021,128.5753804,121.1546845,118.3197735
14/02/2021,132.3983227,121.1546845,118.3197735
15/02/2021,134.2883735,121.1546845,118.3197735
16/02/2021,132.212493,121.1546845,118.3197735
17/02/2021,128.4384706,121.1546845,118.3197735
18/02/2021,130.1534277,121.1546845,118.3197735
19/02/2021,130.0525659,121.1546845,118.3197735
20/02/2021,128.5326151,121.1546845,118.3197735
21/02/2021,128.5555373,121.1546845,118.3197735
22/02/2021,129.8499735,121.1546845,118.3197735
23/02/2021,127.21773,121.1546845,118.3197735
24/02/2021,129.951777,121.1546845,118.3197735
25/02/2021,130.8571048,121.1546845,118.3197735
26/02/2021,130.2215666,121.1546845,118.3197735
27/02/2021,129.5230172,121.1546845,118.3197735
28/02/2021,130.1516477,121.1546845,118.3197735
01/03/2021,128.7490345,122.521276,119.5976271
02/03/2021,127.9046639,122.521276,119.5976271
03/03/2021,127.4879145,122.521276,119.5976271
04/03/2021,127.6894296,122.521276,119.5976271
05/03/2021,127.5729548,122.521276,119.5976271
06/03/2021,127.4537482,122.521276,119.5976271
07/03/2021,128.738636,122.521276,119.5976271
08/03/2021,127.6420624,122.521276,119.5976271
09/03/2021,128.0817067,122.521276,119.5976271
10/03/2021,129.4975205,122.521276,119.5976271
11/03/2021,130.613782,122.521276,119.5976271
12/03/2021,129.4414422,122.521276,119.5976271
13/03/2021,128.2688566,122.521276,119.5976271
14/03/2021,132.5997748,122.521276,119.5976271
15/03/2021,127.5587284,122.521276,119.5976271
16/03/2021,129.2039618,122.521276,119.5976271
17/03/2021,128.6956338,122.521276,119.5976271
18/03/2021,130.3937367,122.521276,119.5976271
19/03/2021,130.0175767,122.521276,119.5976271
20/03/2021,129.351396,122.521276,119.5976271
21/03/2021,129.0019608,122.521276,119.5976271
22/03/2021,129.2171785,122.521276,119.5976271
23/03/2021,133.0581903,122.521276,119.5976271
24/03/2021,133.0023577,122.521276,119.5976271
25/03/2021,130.0427501,122.521276,119.5976271
26/03/2021,131.2158784,122.521276,119.5976271
27/03/2021,124.4153724,122.521276,119.5976271
28/03/2021,128.7247985,122.521276,119.5976271
29/03/2021,124.2973266,122.521276,119.5976271
30/03/2021,130.2242102,122.521276,119.5976271
31/03/2021,129.3614678,122.521276,119.5976271
01/04/2021,129.1341332,125.1274664,120.3271726
02/04/2021,128.6595547,125.1274664,120.3271726
03/04/2021,133.6364845,125.1274664,120.3271726
04/04/2021,129.2900467,125.1274664,120.3271726
05/04/2021,129.1880992,125.1274664,120.3271726
06/04/2021,129.7662749,125.1274664,120.3271726
07/04/2021,124.7680497,125.1274664,120.3271726
08/04/2021,131.2768359,125.1274664,120.3271726
09/04/2021,129.2308067,125.1274664,120.3271726
10/04/2021,132.3649137,125.1274664,120.3271726
11/04/2021,132.6603767,125.1274664,120.3271726
12/04/2021,130.8812462,125.1274664,120.3271726
13/04/2021,131.1898473,125.1274664,120.3271726
14/04/2021,129.5313918,125.1274664,120.3271726
15/04/2021,130.3564095,125.1274664,120.3271726
16/04/2021,133.167546,125.1274664,120.3271726
17/04/2021,130.2331454,125.1274664,120.3271726
18/04/2021,133.0858891,125.1274664,120.3271726
19/04/2021,129.3944739,125.1274664,120.3271726
20/04/2021,130.4648015,125.1274664,120.3271726
21/04/2021,127.9024257,125.1274664,120.3271726
22/04/2021,127.9680121,125.1274664,120.3271726
23/04/2021,129.0677139,125.1274664,120.3271726
24/04/2021,128.5034032,125.1274664,120.3271726
25/04/2021,127.944789,125.1274664,120.3271726
26/04/2021,126.5918033,125.1274664,120.3271726
27/04/2021,126.2246015,125.1274664,120.3271726
28/04/2021,124.9138009,125.1274664,120.3271726
29/04/2021,125.4634461,125.1274664,120.3271726
30/04/2021,125.5829752,125.1274664,120.3271726
01/05/2021,125.6848077,125.4913854,121.9756549
02/05/2021,122.9951497,125.4913854,121.9756549
03/05/2021,123.6495387,125.4913854,121.9756549
04/05/2021,125.4325213,125.4913854,121.9756549
05/05/2021,125.5306427,125.4913854,121.9756549
06/05/2021,125.496603,125.4913854,121.9756549
07/05/2021,125.6401682,125.4913854,121.9756549
08/05/2021,125.6591382,125.4913854,121.9756549
09/05/2021,125.5921845,125.4913854,121.9756549
10/05/2021,126.2657262,125.4913854,121.9756549
11/05/2021,127.0118176,125.4913854,121.9756549
12/05/2021,127.7468926,125.4913854,121.9756549
13/05/2021,128.7701282,125.4913854,121.9756549
14/05/2021,126.1348407,125.4913854,121.9756549
15/05/2021,127.6588199,125.4913854,121.9756549
16/05/2021,126.877784,125.4913854,121.9756549
17/05/2021,126.7731819,125.4913854,121.9756549
18/05/2021,126.9182585,125.4913854,121.9756549
19/05/2021,125.8758435,125.4913854,121.9756549
20/05/2021,125.8391824,125.4913854,121.9756549
21/05/2021,125.7921214,125.4913854,121.9756549
22/05/2021,126.4709702,125.4913854,121.9756549
23/05/2021,127.0866511,125.4913854,121.9756549
24/05/2021,128.4646605,125.4913854,121.9756549
25/05/2021,128.609022,125.4913854,121.9756549
26/05/2021,128.601402,125.4913854,121.9756549
27/05/2021,128.2297225,125.4913854,121.9756549
28/05/2021,127.7596947,125.4913854,121.9756549
29/05/2021,127.9741198,125.4913854,121.9756549
30/05/2021,127.0945482,125.4913854,121.9756549
31/05/2021,129.7889752,125.4913854,121.9756549
01/06/2021,131.8223496,126.5907239,120.9510594
02/06/2021,133.0875102,126.5907239,120.9510594
03/06/2021,135.475312,126.5907239,120.9510594
04/06/2021,132.8705544,126.5907239,120.9510594
05/06/2021,132.1048083,126.5907239,120.9510594
06/06/2021,131.3671751,126.5907239,120.9510594
07/06/2021,131.4431279,126.5907239,120.9510594
08/06/2021,130.1179901,126.5907239,120.9510594
09/06/2021,127.2017712,126.5907239,120.9510594
10/06/2021,129.0118132,126.5907239,120.9510594
11/06/2021,129.3866913,126.5907239,120.9510594
12/06/2021,129.0582906,126.5907239,120.9510594
13/06/2021,128.7174858,126.5907239,120.9510594
14/06/2021,127.2548921,126.5907239,120.9510594
15/06/2021,130.5765676,126.5907239,120.9510594
16/06/2021,128.6536052,126.5907239,120.9510594
17/06/2021,126.2743977,126.5907239,120.9510594
18/06/2021,123.3291496,126.5907239,120.9510594
19/06/2021,126.2933238,126.5907239,120.9510594
20/06/2021,127.9722843,126.5907239,120.9510594
21/06/2021,127.7973941,126.5907239,120.9510594
22/06/2021,128.0922839,126.5907239,120.9510594
23/06/2021,128.0585534,126.5907239,120.9510594
24/06/2021,128.2818786,126.5907239,120.9510594
25/06/2021,128.4861065,126.5907239,120.9510594
26/06/2021,128.5088549,126.5907239,120.9510594
27/06/2021,128.3892518,126.5907239,120.9510594
28/06/2021,128.2667986,126.5907239,120.9510594
29/06/2021,127.9721391,126.5907239,120.9510594
30/06/2021,128.1461651,126.5907239,120.9510594
01/07/2021,128.2169159,130.1029208,122.3419966
02/07/2021,125.0389989,130.1029208,122.3419966
03/07/2021,128.3191207,130.1029208,122.3419966
04/07/2021,123.7118673,130.1029208,122.3419966
05/07/2021,127.9648038,130.1029208,122.3419966
06/07/2021,128.979919,130.1029208,122.3419966
07/07/2021,128.1960642,130.1029208,122.3419966
08/07/2021,127.1518025,130.1029208,122.3419966
09/07/2021,126.5746678,130.1029208,122.3419966
10/07/2021,126.7108676,130.1029208,122.3419966
11/07/2021,127.5965326,130.1029208,122.3419966
12/07/2021,128.3322444,130.1029208,122.3419966
13/07/2021,128.6355228,130.1029208,122.3419966
14/07/2021,128.4838743,130.1029208,122.3419966
15/07/2021,129.5610878,130.1029208,122.3419966
16/07/2021,130.6188083,130.1029208,122.3419966
17/07/2021,130.6150886,130.1029208,122.3419966
18/07/2021,131.5008052,130.1029208,122.3419966
19/07/2021,132.3717194,130.1029208,122.3419966
20/07/2021,132.4210118,130.1029208,122.3419966
21/07/2021,132.4753776,130.1029208,122.3419966
22/07/2021,132.140275,130.1029208,122.3419966
23/07/2021,131.3354643,130.1029208,122.3419966
24/07/2021,131.5824468,130.1029208,122.3419966
25/07/2021,131.2602153,130.1029208,122.3419966
26/07/2021,132.921831,130.1029208,122.3419966
27/07/2021,133.6635147,130.1029208,122.3419966
28/07/2021,133.474554,130.1029208,122.3419966
29/07/2021,133.2766824,130.1029208,122.3419966
30/07/2021,132.8752307,130.1029208,122.3419966
31/07/2021,132.4680771,130.1029208,122.3419966
01/08/2021,132.4986338,134.2424989,125.5840595
02/08/2021,133.0140655,134.2424989,125.5840595
03/08/2021,131.7169909,134.2424989,125.5840595
04/08/2021,132.125076,134.2424989,125.5840595
05/08/2021,132.202527,134.2424989,125.5840595
06/08/2021,131.6548626,134.2424989,125.5840595
07/08/2021,132.2376981,134.2424989,125.5840595
08/08/2021,133.1295499,134.2424989,125.5840595
09/08/2021,132.2519557,134.2424989,125.5840595
10/08/2021,131.4285381,134.2424989,125.5840595
11/08/2021,130.6136356,134.2424989,125.5840595
12/08/2021,132.0868865,134.2424989,125.5840595
13/08/2021,130.9503806,134.2424989,125.5840595
14/08/2021,131.0294772,134.2424989,125.5840595
15/08/2021,131.0939149,134.2424989,125.5840595
16/08/2021,128.2840697,134.2424989,125.5840595
17/08/2021,132.7429074,134.2424989,125.5840595
18/08/2021,136.5022439,134.2424989,125.5840595
19/08/2021,143.2972194,134.2424989,125.5840595
20/08/2021,156.5472259,134.2424989,125.5840595
21/08/2021,156.6620572,134.2424989,125.5840595
22/08/2021,148.7889489,134.2424989,125.5840595
23/08/2021,147.5291812,134.2424989,125.5840595
24/08/2021,146.3879829,134.2424989,125.5840595
25/08/2021,145.1627838,134.2424989,125.5840595
26/08/2021,144.2566274,134.2424989,125.5840595
27/08/2021,144.4007617,134.2424989,125.5840595
28/08/2021,143.312109,134.2424989,125.5840595
29/08/2021,141.6546338,134.2424989,125.5840595
30/08/2021,142.9877356,134.2424989,125.5840595
31/08/2021,141.6506667,134.2424989,125.5840595
01/09/2021,141.892864,134.9077882,126.5133815
02/09/2021,141.3355402,134.9077882,126.5133815
03/09/2021,139.5763262,134.9077882,126.5133815
04/09/2021,137.8084836,134.9077882,126.5133815
05/09/2021,138.4899401,134.9077882,126.5133815
06/09/2021,138.6654746,134.9077882,126.5133815
07/09/2021,139.3736738,134.9077882,126.5133815
08/09/2021,137.990024,134.9077882,126.5133815
09/09/2021,137.2801986,134.9077882,126.5133815
10/09/2021,136.2348421,134.9077882,126.5133815
11/09/2021,135.3102788,134.9077882,126.5133815
12/09/2021,134.0395903,134.9077882,126.5133815
13/09/2021,131.271891,134.9077882,126.5133815
14/09/2021,136.5909824,134.9077882,126.5133815
15/09/2021,133.4554162,134.9077882,126.5133815
16/09/2021,134.0055074,134.9077882,126.5133815
17/09/2021,133.9597103,134.9077882,126.5133815
18/09/2021,133.9069201,134.9077882,126.5133815
19/09/2021,134.1135595,134.9077882,126.5133815
20/09/2021,135.7363079,134.9077882,126.5133815
21/09/2021,136.1247668,134.9077882,126.5133815
22/09/2021,130.4536226,134.9077882,126.5133815
23/09/2021,131.2817924,134.9077882,126.5133815
24/09/2021,137.0283233,134.9077882,126.5133815
25/09/2021,137.100338,134.9077882,126.5133815
26/09/2021,137.171098,134.9077882,126.5133815
27/09/2021,138.7399788,134.9077882,126.5133815
28/09/2021,132.9882774,134.9077882,126.5133815
29/09/2021,139.1283304,134.9077882,126.5133815
30/09/2021,137.1511588,134.9077882,126.5133815
01/10/2021,144.1889101,137.5026062,131.8522462
02/10/2021,144.5226412,137.5026062,131.8522462
03/10/2021,144.4719001,137.5026062,131.8522462
04/10/2021,141.7391659,137.5026062,131.8522462
05/10/2021,143.5366394,137.5026062,131.8522462
06/10/2021,143.4046145,137.5026062,131.8522462
07/10/2021,143.9814225,137.5026062,131.8522462
08/10/2021,145.2721612,137.5026062,131.8522462
09/10/2021,145.8632608,137.5026062,131.8522462
10/10/2021,144.6745134,137.5026062,131.8522462
11/10/2021,146.005686,137.5026062,131.8522462
12/10/2021,144.5373742,137.5026062,131.8522462
13/10/2021,143.0528216,137.5026062,131.8522462
14/10/2021,144.0303887,137.5026062,131.8522462
15/10/2021,142.1361212,137.5026062,131.8522462
16/10/2021,145.8550187,137.5026062,131.8522462
17/10/2021,145.6175854,137.5026062,131.8522462
18/10/2021,146.265096,137.5026062,131.8522462
19/10/2021,144.4234586,137.5026062,131.8522462
20/10/2021,145.371891,137.5026062,131.8522462
21/10/2021,146.4857881,137.5026062,131.8522462
22/10/2021,144.8631375,137.5026062,131.8522462
23/10/2021,145.491711,137.5026062,131.8522462
24/10/2021,146.099742,137.5026062,131.8522462
25/10/2021,146.1468056,137.5026062,131.8522462
26/10/2021,138.8893157,137.5026062,131.8522462
27/10/2021,142.6126499,137.5026062,131.8522462
28/10/2021,145.5796593,137.5026062,131.8522462
29/10/2021,145.2230198,137.5026062,131.8522462
30/10/2021,145.8304943,137.5026062,131.8522462
31/10/2021,145.8593007,137.5026062,131.8522462
01/11/2021,143.6900674,142.8912603,136.0055919
02/11/2021,150.5476788,142.8912603,136.0055919
03/11/2021,150.4348419,142.8912603,136.0055919
04/11/2021,152.2096105,142.8912603,136.0055919
05/11/2021,147.7826131,142.8912603,136.0055919
06/11/2021,150.7290657,142.8912603,136.0055919
07/11/2021,151.0188386,142.8912603,136.0055919
08/11/2021,144.1794287,142.8912603,136.0055919
09/11/2021,147.7974024,142.8912603,136.0055919
10/11/2021,150.9727323,142.8912603,136.0055919
11/11/2021,150.3843873,142.8912603,136.0055919
12/11/2021,150.6274198,142.8912603,136.0055919
13/11/2021,150.7782889,142.8912603,136.0055919
14/11/2021,150.0356317,142.8912603,136.0055919
15/11/2021,146.2495128,142.8912603,136.0055919
16/11/2021,151.8222514,142.8912603,136.0055919
17/11/2021,150.3612213,142.8912603,136.0055919
18/11/2021,151.3451966,142.8912603,136.0055919
19/11/2021,153.8678103,142.8912603,136.0055919
20/11/2021,155.9617239,142.8912603,136.0055919
21/11/2021,158.0379322,142.8912603,136.0055919
22/11/2021,160.0996621,142.8912603,136.0055919
23/11/2021,161.2039114,142.8912603,136.0055919
24/11/2021,155.5322001,142.8912603,136.0055919
25/11/2021,170.4215588,142.8912603,136.0055919
26/11/2021,171.5590063,142.8912603,136.0055919
27/11/2021,172.455599,142.8912603,136.0055919
28/11/2021,173.2514687,142.8912603,136.0055919
29/11/2021,171.7022063,142.8912603,136.0055919
30/11/2021,174.0702656,142.8912603,136.0055919
01/12/2021,171.5108468,165.738547,155.5223944
02/12/2021,176.1114022,165.738547,155.5223944
03/12/2021,174.5829119,165.738547,155.5223944
04/12/2021,175.626471,165.738547,155.5223944
05/12/2021,179.4680982,165.738547,155.5223944
06/12/2021,185.4117534,165.738547,155.5223944
07/12/2021,182.2343014,165.738547,155.5223944
08/12/2021,183.6278911,165.738547,155.5223944
09/12/2021,185.8966161,165.738547,155.5223944
10/12/2021,191.1627143,165.738547,155.5223944
11/12/2021,190.6876136,165.738547,155.5223944
12/12/2021,193.3553166,165.738547,155.5223944
13/12/2021,192.1993501,165.738547,155.5223944
14/12/2021,196.0618568,165.738547,155.5223944
15/12/2021,197.8578908,165.738547,155.5223944
16/12/2021,196.0611135,165.738547,155.5223944
17/12/2021,198.5192866,165.738547,155.5223944
18/12/2021,201.915421,165.738547,155.5223944
19/12/2021,202.8442733,165.738547,155.5223944
20/12/2021,202.125678,165.738547,155.5223944
21/12/2021,203.2199849,165.738547,155.5223944
22/12/2021,204.0966422,165.738547,155.5223944
23/12/2021,203.9321135,165.738547,155.5223944
24/12/2021,200.2747796,165.738547,155.5223944
25/12/2021,201.8777901,165.738547,155.5223944
26/12/2021,202.2245393,165.738547,155.5223944
27/12/2021,205.7679828,165.738547,155.5223944
28/12/2021,206.1729969,165.738547,155.5223944
29/12/2021,208.5929183,165.738547,155.5223944
30/12/2021,197.6950677,165.738547,155.5223944
31/12/2021,197.3386879,165.738547,155.5223944
01/01/2022,196.1033515,183.7999204,177.0000371
02/01/2022,198.1730044,183.7999204,177.0000371
03/01/2022,200.1658721,183.7999204,177.0000371
04/01/2022,202.8659162,183.7999204,177.0000371
05/01/2022,206.4548415,183.7999204,177.0000371
06/01/2022,211.7717837,183.7999204,177.0000371
07/01/2022,212.502269,183.7999204,177.0000371
08/01/2022,209.6426185,183.7999204,177.0000371
09/01/2022,206.6805517,183.7999204,177.0000371
10/01/2022,211.631888,183.7999204,177.0000371
11/01/2022,216.6086626,183.7999204,177.0000371
12/01/2022,206.5125842,183.7999204,177.0000371
13/01/2022,213.0199127,183.7999204,177.0000371
14/01/2022,220.4802968,183.7999204,177.0000371
15/01/2022,218.0606307,183.7999204,177.0000371
16/01/2022,220.943755,183.7999204,177.0000371
17/01/2022,222.5958254,183.7999204,177.0000371
18/01/2022,227.4607216,183.7999204,177.0000371
19/01/2022,224.523692,183.7999204,177.0000371
20/01/2022,222.3857343,183.7999204,177.0000371
21/01/2022,224.6102931,183.7999204,177.0000371
22/01/2022,230.4575516,183.7999204,177.0000371
23/01/2022,226.9891497,183.7999204,177.0000371
24/01/2022,230.7569825,183.7999204,177.0000371
25/01/2022,229.1427516,183.7999204,177.0000371
26/01/2022,227.3144365,183.7999204,177.0000371
27/01/2022,230.342322,183.7999204,177.0000371
28/01/2022,235.0313026,183.7999204,177.0000371
29/01/2022,230.1898024,183.7999204,177.0000371
30/01/2022,235.8512989,183.7999204,177.0000371
31/01/2022,233.5112607,183.7999204,177.0000371
01/02/2022,233.4542369,199.262685,187.4784393
02/02/2022,236.1372773,199.262685,187.4784393
03/02/2022,238.2470851,199.262685,187.4784393
04/02/2022,241.871688,199.262685,187.4784393
05/02/2022,239.6165912,199.262685,187.4784393
06/02/2022,243.27931,199.262685,187.4784393
07/02/2022,240.4158797,199.262685,187.4784393
08/02/2022,238.6655297,199.262685,187.4784393
09/02/2022,241.0743002,199.262685,187.4784393
10/02/2022,242.1176005,199.262685,187.4784393
11/02/2022,240.8834377,199.262685,187.4784393
12/02/2022,243.6481055,199.262685,187.4784393
13/02/2022,245.6525747,199.262685,187.4784393
14/02/2022,247.0561143,199.262685,187.4784393
15/02/2022,232.9814593,199.262685,187.4784393
16/02/2022,230.7936914,199.262685,187.4784393
17/02/2022,228.0957545,199.262685,187.4784393
18/02/2022,224.85941,199.262685,187.4784393
19/02/2022,226.9799075,199.262685,187.4784393
20/02/2022,224.4533769,199.262685,187.4784393
21/02/2022,223.1520632,199.262685,187.4784393
22/02/2022,223.6343643,199.262685,187.4784393
23/02/2022,227.2351239,199.262685,187.4784393
24/02/2022,230.2490565,199.262685,187.4784393
25/02/2022,229.3837847,199.262685,187.4784393
26/02/2022,230.1856657,199.262685,187.4784393
27/02/2022,230.9639145,199.262685,187.4784393
28/02/2022,228.050632,199.262685,187.4784393
01/03/2022,229.5570247,208.6847742,199.0271111
02/03/2022,231.0424583,208.6847742,199.0271111
03/03/2022,234.2742224,208.6847742,199.0271111
04/03/2022,231.2712727,208.6847742,199.0271111
05/03/2022,231.1172971,208.6847742,199.0271111
06/03/2022,232.6977064,208.6847742,199.0271111
07/03/2022,232.8272218,208.6847742,199.0271111
08/03/2022,233.5249099,208.6847742,199.0271111
09/03/2022,231.6195366,208.6847742,199.0271111
10/03/2022,235.7405758,208.6847742,199.0271111
11/03/2022,237.1205261,208.6847742,199.0271111
12/03/2022,237.1968019,208.6847742,199.0271111
13/03/2022,238.5487962,208.6847742,199.0271111
14/03/2022,244.1684933,208.6847742,199.0271111
15/03/2022,240.2377177,208.6847742,199.0271111
16/03/2022,244.9517965,208.6847742,199.0271111
17/03/2022,248.6302868,208.6847742,199.0271111
18/03/2022,252.043338,208.6847742,199.0271111
19/03/2022,250.1167565,208.6847742,199.0271111
20/03/2022,253.9230172,208.6847742,199.0271111
21/03/2022,259.3091849,208.6847742,199.0271111
22/03/2022,261.2917203,208.6847742,199.0271111
23/03/2022,261.0451485,208.6847742,199.0271111
24/03/2022,262.4339139,208.6847742,199.0271111
25/03/2022,258.1271709,208.6847742,199.0271111
26/03/2022,253.7752949,208.6847742,199.0271111
27/03/2022,254.6148742,208.6847742,199.0271111
28/03/2022,250.0503812,208.6847742,199.0271111
29/03/2022,254.8917615,208.6847742,199.0271111
30/03/2022,255.6057598,208.6847742,199.0271111
31/03/2022,260.7448607,208.6847742,199.0271111
01/04/2022,269.3404003,236.6098675,221.8953262
02/04/2022,261.3747171,236.6098675,221.8953262
03/04/2022,264.9744936,236.6098675,221.8953262
04/04/2022,271.8196872,236.6098675,221.8953262
05/04/2022,268.6828679,236.6098675,221.8953262
06/04/2022,275.1496421,236.6098675,221.8953262
07/04/2022,269.9497713,236.6098675,221.8953262
08/04/2022,279.0707003,236.6098675,221.8953262
09/04/2022,271.9718252,236.6098675,221.8953262
10/04/2022,270.9496469,236.6098675,221.8953262
11/04/2022,273.1965273,236.6098675,221.8953262
12/04/2022,275.222839,236.6098675,221.8953262
13/04/2022,276.9557909,236.6098675,221.8953262
14/04/2022,276.7277059,236.6098675,221.8953262
15/04/2022,269.729894,236.6098675,221.8953262
16/04/2022,270.3267548,236.6098675,221.8953262
17/04/2022,270.855038,236.6098675,221.8953262
18/04/2022,271.0085219,236.6098675,221.8953262
19/04/2022,277.6601626,236.6098675,221.8953262
20/04/2022,276.8521141,236.6098675,221.8953262
21/04/2022,273.9967617,236.6098675,221.8953262
22/04/2022,278.1149022,236.6098675,221.8953262
23/04/2022,275.2571746,236.6098675,221.8953262
24/04/2022,273.9597822,236.6098675,221.8953262
25/04/2022,273.0882176,236.6098675,221.8953262
26/04/2022,276.9890954,236.6098675,221.8953262
27/04/2022,271.2747357,236.6098675,221.8953262
28/04/2022,272.5327339,236.6098675,221.8953262
29/04/2022,273.858355,236.6098675,221.8953262
30/04/2022,274.9808938,236.6098675,221.8953262
01/05/2022,275.6238051,240.4784018,232.9235239
02/05/2022,275.5082531,240.4784018,232.9235239
03/05/2022,275.3767112,240.4784018,232.9235239
04/05/2022,274.6402654,240.4784018,232.9235239
05/05/2022,273.8126206,240.4784018,232.9235239
06/05/2022,274.6693955,240.4784018,232.9235239
07/05/2022,276.2996051,240.4784018,232.9235239
08/05/2022,277.8938021,240.4784018,232.9235239
09/05/2022,274.9679238,240.4784018,232.9235239
10/05/2022,269.0095874,240.4784018,232.9235239
11/05/2022,270.7563168,240.4784018,232.9235239
12/05/2022,265.094094,240.4784018,232.9235239
13/05/2022,268.8465038,240.4784018,232.9235239
14/05/2022,271.9829855,240.4784018,232.9235239
15/05/2022,272.379254,240.4784018,232.9235239
16/05/2022,277.2810192,240.4784018,232.9235239
17/05/2022,279.4512751,240.4784018,232.9235239
18/05/2022,279.0041293,240.4784018,232.9235239
19/05/2022,281.8466848,240.4784018,232.9235239
20/05/2022,285.8606476,240.4784018,232.9235239
21/05/2022,283.7999427,240.4784018,232.9235239
22/05/2022,279.9709534,240.4784018,232.9235239
23/05/2022,283.2749341,240.4784018,232.9235239
24/05/2022,288.3855337,240.4784018,232.9235239
25/05/2022,287.8046254,240.4784018,232.9235239
26/05/2022,288.3602245,240.4784018,232.9235239
27/05/2022,288.3342042,240.4784018,232.9235239
28/05/2022,289.2285733,240.4784018,232.9235239
29/05/2022,283.8672148,240.4784018,232.9235239
30/05/2022,283.0513674,240.4784018,232.9235239
31/05/2022,289.4143921,240.4784018,232.9235239
01/06/2022,287.2093659,245.5031369,241.7513254
02/06/2022,281.6143411,245.5031369,241.7513254
03/06/2022,282.9261682,245.5031369,241.7513254
04/06/2022,283.1140358,245.5031369,241.7513254
05/06/2022,283.9851673,245.5031369,241.7513254
06/06/2022,280.3409098,245.5031369,241.7513254
07/06/2022,282.9414513,245.5031369,241.7513254
08/06/2022,283.612979,245.5031369,241.7513254
09/06/2022,282.3272834,245.5031369,241.7513254
10/06/2022,283.6116243,245.5031369,241.7513254
11/06/2022,286.5788709,245.5031369,241.7513254
12/06/2022,284.4426788,245.5031369,241.7513254
13/06/2022,283.9519391,245.5031369,241.7513254
14/06/2022,284.9388665,245.5031369,241.7513254
15/06/2022,287.961416,245.5031369,241.7513254
16/06/2022,290.336402,245.5031369,241.7513254
17/06/2022,294.1059419,245.5031369,241.7513254
18/06/2022,290.6387488,245.5031369,241.7513254
19/06/2022,291.6097923,245.5031369,241.7513254
20/06/2022,291.9746226,245.5031369,241.7513254
21/06/2022,296.6000946,245.5031369,241.7513254
22/06/2022,293.7616978,245.5031369,241.7513254
23/06/2022,293.1048316,245.5031369,241.7513254
24/06/2022,293.6079832,245.5031369,241.7513254
25/06/2022,296.654891,245.5031369,241.7513254
26/06/2022,297.9550142,245.5031369,241.7513254
27/06/2022,296.2467258,245.5031369,241.7513254
28/06/2022,294.4641894,245.5031369,241.7513254
29/06/2022,295.5672059,245.5031369,241.7513254
30/06/2022,294.3411072,245.5031369,241.7513254
01/07/2022,297.5212689,253.2402055,253.4279145
02/07/2022,299.9110838,253.2402055,253.4279145
03/07/2022,301.8250314,253.2402055,253.4279145
04/07/2022,299.5614204,253.2402055,253.4279145
05/07/2022,301.9059198,253.2402055,253.4279145
06/07/2022,304.1186334,253.2402055,253.4279145
07/07/2022,307.7852167,253.2402055,253.4279145
08/07/2022,305.1144202,253.2402055,253.4279145
09/07/2022,308.5127149,253.2402055,253.4279145
10/07/2022,311.1854168,253.2402055,253.4279145
11/07/2022,311.9694535,253.2402055,253.4279145
12/07/2022,313.1902301,253.2402055,253.4279145
13/07/2022,308.2396567,253.2402055,253.4279145
14/07/2022,309.613159,253.2402055,253.4279145
15/07/2022,312.5654135,253.2402055,253.4279145
16/07/2022,312.1326736,253.2402055,253.4279145
17/07/2022,316.6904258,253.2402055,253.4279145
18/07/2022,314.0148988,253.2402055,253.4279145
19/07/2022,317.0471009,253.2402055,253.4279145
20/07/2022,316.4352145,253.2402055,253.4279145
21/07/2022,319.872443,253.2402055,253.4279145
22/07/2022,322.7436479,253.2402055,253.4279145
23/07/2022,318.6840291,253.2402055,253.4279145
24/07/2022,318.8908294,253.2402055,253.4279145
25/07/2022,316.0383205,253.2402055,253.4279145
26/07/2022,316.3678314,253.2402055,253.4279145
27/07/2022,317.3838729,253.2402055,253.4279145
28/07/2022,319.424954,253.2402055,253.4279145
29/07/2022,318.7533686,253.2402055,253.4279145
30/07/2022,317.0933434,253.2402055,253.4279145
31/07/2022,316.540623,253.2402055,253.4279145
01/08/2022,316.4329418,255.4028697,260.2704682
02/08/2022,314.5576639,255.4028697,260.2704682
03/08/2022,317.6587355,255.4028697,260.2704682
04/08/2022,312.0244903,255.4028697,260.2704682
05/08/2022,316.6896102,255.4028697,260.2704682
06/08/2022,311.9546753,255.4028697,260.2704682
07/08/2022,315.5519933,255.4028697,260.2704682
08/08/2022,313.4842628,255.4028697,260.2704682
09/08/2022,316.6774538,255.4028697,260.2704682
10/08/2022,316.074022,255.4028697,260.2704682
11/08/2022,315.6815041,255.4028697,260.2704682
12/08/2022,315.2659637,255.4028697,260.2704682
13/08/2022,314.7067168,255.4028697,260.2704682
14/08/2022,318.5010874,255.4028697,260.2704682
15/08/2022,324.6203139,255.4028697,260.2704682
16/08/2022,322.6157826,255.4028697,260.2704682
17/08/2022,320.9114959,255.4028697,260.2704682
18/08/2022,316.5638128,255.4028697,260.2704682
19/08/2022,316.0133591,255.4028697,260.2704682
20/08/2022,313.8809776,255.4028697,260.2704682
21/08/2022,315.3523883,255.4028697,260.2704682
22/08/2022,315.3638984,255.4028697,260.2704682
23/08/2022,319.4511714,255.4028697,260.2704682
24/08/2022,320.1975649,255.4028697,260.2704682
25/08/2022,325.8140865,255.4028697,260.2704682
26/08/2022,321.0696794,255.4028697,260.2704682
27/08/2022,317.2805355,255.4028697,260.2704682
28/08/2022,318.4198402,255.4028697,260.2704682
29/08/2022,318.8845382,255.4028697,260.2704682
30/08/2022,321.9362373,255.4028697,260.2704682
31/08/2022,324.0134727,255.4028697,260.2704682
01/09/2022,323.328299,260.4389772,269.7443132
02/09/2022,320.770168,260.4389772,269.7443132
03/09/2022,319.358242,260.4389772,269.7443132
04/09/2022,317.1377143,260.4389772,269.7443132
05/09/2022,319.9900589,260.4389772,269.7443132
06/09/2022,323.0147766,260.4389772,269.7443132
07/09/2022,323.8304463,260.4389772,269.7443132
08/09/2022,326.6374473,260.4389772,269.7443132
09/09/2022,324.2534525,260.4389772,269.7443132
10/09/2022,323.7691918,260.4389772,269.7443132
11/09/2022,323.0487188,260.4389772,269.7443132
12/09/2022,321.481618,260.4389772,269.7443132
13/09/2022,327.2083338,260.4389772,269.7443132
14/09/2022,328.8122638,260.4389772,269.7443132
15/09/2022,329.6049921,260.4389772,269.7443132
16/09/2022,329.4746206,260.4389772,269.7443132
17/09/2022,329.2496249,260.4389772,269.7443132
18/09/2022,329.5046625,260.4389772,269.7443132
19/09/2022,336.1297322,260.4389772,269.7443132
20/09/2022,336.5545629,260.4389772,269.7443132
21/09/2022,330.5591508,260.4389772,269.7443132
22/09/2022,333.2567543,260.4389772,269.7443132
23/09/2022,333.0263615,260.4389772,269.7443132
24/09/2022,333.4964902,260.4389772,269.7443132
25/09/2022,335.2829985,260.4389772,269.7443132
26/09/2022,333.7172404,260.4389772,269.7443132
27/09/2022,334.9922494,260.4389772,269.7443132
28/09/2022,338.188721,260.4389772,269.7443132
29/09/2022,341.4081679,260.4389772,269.7443132
30/09/2022,344.9779111,260.4389772,269.7443132
01/10/2022,344.9921399,273.6954832,284.6881481
02/10/2022,346.8961998,273.6954832,284.6881481
03/10/2022,353.905358,273.6954832,284.6881481
04/10/2022,350.8060227,273.6954832,284.6881481
05/10/2022,349.0369732,273.6954832,284.6881481
06/10/2022,349.9247922,273.6954832,284.6881481
07/10/2022,349.6289841,273.6954832,284.6881481
08/10/2022,350.4073044,273.6954832,284.6881481
09/10/2022,351.7888087,273.6954832,284.6881481
10/10/2022,352.1408584,273.6954832,284.6881481
11/10/2022,354.9758505,273.6954832,284.6881481
12/10/2022,352.6421294,273.6954832,284.6881481
13/10/2022,353.8201873,273.6954832,284.6881481
14/10/2022,355.6928321,273.6954832,284.6881481
15/10/2022,357.7393124,273.6954832,284.6881481
16/10/2022,360.8298462,273.6954832,284.6881481
17/10/2022,361.4557358,273.6954832,284.6881481
18/10/2022,369.9129578,273.6954832,284.6881481
19/10/2022,364.4025095,273.6954832,284.6881481
20/10/2022,355.1495222,273.6954832,284.6881481
21/10/2022,350.956839,273.6954832,284.6881481
22/10/2022,352.8494731,273.6954832,284.6881481
23/10/2022,349.5416655,273.6954832,284.6881481
24/10/2022,350.2376031,273.6954832,284.6881481
25/10/2022,353.0752777,273.6954832,284.6881481
26/10/2022,353.4965084,273.6954832,284.6881481
27/10/2022,351.9138127,273.6954832,284.6881481
28/10/2022,353.8778851,273.6954832,284.6881481
29/10/2022,354.8229308,273.6954832,284.6881481
30/10/2022,356.206433,273.6954832,284.6881481
31/10/2022,354.8458885,273.6954832,284.6881481
01/11/2022,359.2247717,289.4255009,297.5560525
02/11/2022,361.9217818,289.4255009,297.5560525
03/11/2022,356.4082755,289.4255009,297.5560525
04/11/2022,361.290223,289.4255009,297.5560525
05/11/2022,362.1962313,289.4255009,297.5560525
06/11/2022,365.5342898,289.4255009,297.5560525
07/11/2022,361.7237017,289.4255009,297.5560525
08/11/2022,367.2688922,289.4255009,297.5560525
09/11/2022,368.8344486,289.4255009,297.5560525
10/11/2022,368.2301319,289.4255009,297.5560525
11/11/2022,367.3257821,289.4255009,297.5560525
12/11/2022,366.1849218,289.4255009,297.5560525
13/11/2022,367.2036121,289.4255009,297.5560525
14/11/2022,368.1438952,289.4255009,297.5560525
15/11/2022,371.7866703,289.4255009,297.5560525
16/11/2022,370.6988824,289.4255009,297.5560525
17/11/2022,369.0802921,289.4255009,297.5560525
18/11/2022,371.2789483,289.4255009,297.5560525
19/11/2022,368.0359052,289.4255009,297.5560525
20/11/2022,367.7476119,289.4255009,297.5560525
21/11/2022,366.1742667,289.4255009,297.5560525
22/11/2022,370.1361518,289.4255009,297.5560525
23/11/2022,367.9590088,289.4255009,297.5560525
24/11/2022,370.1015467,289.4255009,297.5560525
25/11/2022,369.6912309,289.4255009,297.5560525
26/11/2022,363.3698272,289.4255009,297.5560525
27/11/2022,363.2229436,289.4255009,297.5560525
28/11/2022,363.6876955,289.4255009,297.5560525
29/11/2022,362.19655,289.4255009,297.5560525
30/11/2022,364.0315399,289.4255009,297.5560525
01/12/2022,371.6097629,294.7952008,306.6612677
02/12/2022,371.2065155,294.7952008,306.6612677
03/12/2022,372.7576604,294.7952008,306.6612677
04/12/2022,370.6771623,294.7952008,306.6612677
05/12/2022,372.3665986,294.7952008,306.6612677
06/12/2022,368.8601009,294.7952008,306.6612677
07/12/2022,373.2098759,294.7952008,306.6612677
08/12/2022,374.3280523,294.7952008,306.6612677
09/12/2022,374.8012761,294.7952008,306.6612677
10/12/2022,373.7865496,294.7952008,306.6612677
11/12/2022,373.2870917,294.7952008,306.6612677
12/12/2022,377.635403,294.7952008,306.6612677
13/12/2022,374.5917144,294.7952008,306.6612677
14/12/2022,376.971549,294.7952008,306.6612677
15/12/2022,381.9378668,294.7952008,306.6612677
16/12/2022,387.4486549,294.7952008,306.6612677
17/12/2022,379.2223473,294.7952008,306.6612677
18/12/2022,381.8298035,294.7952008,306.6612677
19/12/2022,378.0444324,294.7952008,306.6612677
20/12/2022,386.7339897,294.7952008,306.6612677
21/12/2022,381.8263712,294.7952008,306.6612677
22/12/2022,376.1869617,294.7952008,306.6612677
23/12/2022,381.1294039,294.7952008,306.6612677
24/12/2022,380.9368579,294.7952008,306.6612677
25/12/2022,380.0645869,294.7952008,306.6612677
26/12/2022,373.801383,294.7952008,306.6612677
27/12/2022,372.4071578,294.7952008,306.6612677
28/12/2022,373.8688258,294.7952008,306.6612677
29/12/2022,371.3929424,294.7952008,306.6612677
30/12/2022,369.5015566,294.7952008,306.6612677
31/12/2022,370.0545082,294.7952008,306.6612677
01/01/2023,380.8141829,314.302773,325.2756066
02/01/2023,386.0604326,314.302773,325.2756066
03/01/2023,386.1441748,314.302773,325.2756066
04/01/2023,383.3827952,314.302773,325.2756066
05/01/2023,386.4523518,314.302773,325.2756066
06/01/2023,395.5167985,314.302773,325.2756066
07/01/2023,391.154541,314.302773,325.2756066
08/01/2023,389.9559241,314.302773,325.2756066
09/01/2023,397.0553336,314.302773,325.2756066
10/01/2023,398.1323039,314.302773,325.2756066
11/01/2023,394.3505794,314.302773,325.2756066
12/01/2023,392.5337848,314.302773,325.2756066
13/01/2023,393.8557571,314.302773,325.2756066
14/01/2023,391.967562,314.302773,325.2756066
15/01/2023,394.4554869,314.302773,325.2756066
16/01/2023,394.217211,314.302773,325.2756066
17/01/2023,402.8520438,314.302773,325.2756066
18/01/2023,402.5308165,314.302773,325.2756066
19/01/2023,400.0644277,314.302773,325.2756066
20/01/2023,403.4897738,314.302773,325.2756066
21/01/2023,406.1083369,314.302773,325.2756066
22/01/2023,405.4960363,314.302773,325.2756066
23/01/2023,402.7377062,314.302773,325.2756066
24/01/2023,407.2008418,314.302773,325.2756066
25/01/2023,408.1701911,314.302773,325.2756066
26/01/2023,408.3682873,314.302773,325.2756066
27/01/2023,408.7396702,314.302773,325.2756066
28/01/2023,405.7247132,314.302773,325.2756066
29/01/2023,406.3196837,314.302773,325.2756066
30/01/2023,405.2787864,314.302773,325.2756066
31/01/2023,408.5572687,314.302773,325.2756066
01/02/2023,407.8394572,337.4211035,342.7429067
02/02/2023,410.6415797,337.4211035,342.7429067
03/02/2023,416.229596,337.4211035,342.7429067
04/02/2023,420.0258753,337.4211035,342.7429067
05/02/2023,418.7305839,337.4211035,342.7429067
06/02/2023,418.2428068,337.4211035,342.7429067
07/02/2023,419.8652491,337.4211035,342.7429067
08/02/2023,418.6294885,337.4211035,342.7429067
09/02/2023,419.1742567,337.4211035,342.7429067
10/02/2023,422.0244782,337.4211035,342.7429067
11/02/2023,427.276193,337.4211035,342.7429067
12/02/2023,426.2491609,337.4211035,342.7429067
13/02/2023,426.4890535,337.4211035,342.7429067
14/02/2023,424.799123,337.4211035,342.7429067
15/02/2023,430.8407038,337.4211035,342.7429067
16/02/2023,431.2445481,337.4211035,342.7429067
17/02/2023,437.527523,337.4211035,342.7429067
18/02/2023,427.057371,337.4211035,342.7429067
19/02/2023,439.5729242,337.4211035,342.7429067
20/02/2023,432.9921739,337.4211035,342.7429067
21/02/2023,437.0284117,337.4211035,342.7429067
22/02/2023,444.5613848,337.4211035,342.7429067
23/02/2023,436.8400381,337.4211035,342.7429067
24/02/2023,437.7865362,337.4211035,342.7429067
25/02/2023,435.6790984,337.4211035,342.7429067
26/02/2023,437.8152319,337.4211035,342.7429067
27/02/2023,435.8671785,337.4211035,342.7429067
28/02/2023,438.6291604,337.4211035,342.7429067
01/03/2023,438.3765102,350.3686575,356.3498001
02/03/2023,439.0743352,350.3686575,356.3498001
03/03/2023,432.0157047,350.3686575,356.3498001
04/03/2023,435.2089451,350.3686575,356.3498001
05/03/2023,438.93796,350.3686575,356.3498001
06/03/2023,436.3233409,350.3686575,356.3498001
07/03/2023,437.6275319,350.3686575,356.3498001
08/03/2023,435.9623012,350.3686575,356.3498001
09/03/2023,434.1820772,350.3686575,356.3498001
10/03/2023,437.045011,350.3686575,356.3498001
11/03/2023,435.929144,350.3686575,356.3498001
12/03/2023,433.9011899,350.3686575,356.3498001
13/03/2023,425.9594252,350.3686575,356.3498001
14/03/2023,428.225476,350.3686575,356.3498001
15/03/2023,432.8406901,350.3686575,356.3498001
16/03/2023,438.0823178,350.3686575,356.3498001
17/03/2023,443.4749192,350.3686575,356.3498001
18/03/2023,446.8992652,350.3686575,356.3498001
19/03/2023,448.6629822,350.3686575,356.3498001
20/03/2023,439.4325843,350.3686575,356.3498001
21/03/2023,429.4475934,350.3686575,356.3498001
22/03/2023,434.6302463,350.3686575,356.3498001
23/03/2023,440.2771417,350.3686575,356.3498001
24/03/2023,444.0986411,350.3686575,356.3498001
25/03/2023,447.3396982,350.3686575,356.3498001
26/03/2023,444.9970481,350.3686575,356.3498001
27/03/2023,444.9917724,350.3686575,356.3498001
28/03/2023,451.8823569,350.3686575,356.3498001
29/03/2023,455.5384613,350.3686575,356.3498001
30/03/2023,453.5422241,350.3686575,356.3498001
31/03/2023,457.9378708,350.3686575,356.3498001
01/04/2023,454.3205887,364.1956823,370.1405373
02/04/2023,456.2381805,364.1956823,370.1405373
03/04/2023,453.8605569,364.1956823,370.1405373
04/04/2023,452.3163652,364.1956823,370.1405373
05/04/2023,453.1733812,364.1956823,370.1405373
06/04/2023,452.2436167,364.1956823,370.1405373
07/04/2023,456.495059,364.1956823,370.1405373
08/04/2023,456.9974794,364.1956823,370.1405373
09/04/2023,457.5628531,364.1956823,370.1405373
10/04/2023,451.5852916,364.1956823,370.1405373
11/04/2023,461.5983286,364.1956823,370.1405373
12/04/2023,466.7636857,364.1956823,370.1405373
13/04/2023,465.3053388,364.1956823,370.1405373
14/04/2023,470.4563164,364.1956823,370.1405373
15/04/2023,465.2743732,364.1956823,370.1405373
16/04/2023,467.6342592,364.1956823,370.1405373
17/04/2023,470.9896254,364.1956823,370.1405373
18/04/2023,474.4251615,364.1956823,370.1405373
19/04/2023,478.7638647,364.1956823,370.1405373
20/04/2023,477.7999829,364.1956823,370.1405373
21/04/2023,480.7393893,364.1956823,370.1405373
22/04/2023,476.7417761,364.1956823,370.1405373
23/04/2023,482.2275418,364.1956823,370.1405373
24/04/2023,487.1639832,364.1956823,370.1405373
25/04/2023,483.3934059,364.1956823,370.1405373
26/04/2023,486.8572057,364.1956823,370.1405373
27/04/2023,486.74213,364.1956823,370.1405373
28/04/2023,485.5388226,364.1956823,370.1405373
29/04/2023,477.7970887,364.1956823,370.1405373
30/04/2023,479.046447,364.1956823,370.1405373
01/05/2023,477.9310577,366.7810231,375.6926454
02/05/2023,474.5715159,366.7810231,375.6926454
03/05/2023,475.5351881,366.7810231,375.6926454
04/05/2023,475.787427,366.7810231,375.6926454
05/05/2023,472.167611,366.7810231,375.6926454
06/05/2023,470.5558933,366.7810231,375.6926454
07/05/2023,471.2980326,366.7810231,375.6926454
08/05/2023,465.6609072,366.7810231,375.6926454
09/05/2023,468.2702478,366.7810231,375.6926454
10/05/2023,471.30027,366.7810231,375.6926454
11/05/2023,471.3892839,366.7810231,375.6926454
12/05/2023,468.2844929,366.7810231,375.6926454
13/05/2023,461.1308849,366.7810231,375.6926454
14/05/2023,454.0460289,366.7810231,375.6926454
15/05/2023,455.9446556,366.7810231,375.6926454
16/05/2023,456.2597719,366.7810231,375.6926454
17/05/2023,460.8950196,366.7810231,375.6926454
18/05/2023,461.4512003,366.7810231,375.6926454
19/05/2023,464.0265988,366.7810231,375.6926454
20/05/2023,465.7752839,366.7810231,375.6926454
21/05/2023,466.4348958,366.7810231,375.6926454
22/05/2023,468.9043597,366.7810231,375.6926454
23/05/2023,470.9936976,366.7810231,375.6926454
24/05/2023,477.1418931,366.7810231,375.6926454
25/05/2023,471.6981528,366.7810231,375.6926454
26/05/2023,470.3273719,366.7810231,375.6926454
27/05/2023,471.1227274,366.7810231,375.6926454
28/05/2023,473.796348,366.7810231,375.6926454
29/05/2023,474.4865383,366.7810231,375.6926454
30/05/2023,477.4503761,366.7810231,375.6926454
31/05/2023,475.0662208,366.7810231,375.6926454
01/06/2023,479.8725336,377.8691787,375.6926454
02/06/2023,476.4973366,377.8691787,375.6926454
03/06/2023,475.6693222,377.8691787,375.6926454
04/06/2023,477.0718203,377.8691787,375.6926454
05/06/2023,469.1043798,377.8691787,375.6926454
06/06/2023,459.8082575,377.8691787,375.6926454
07/06/2023,458.4508365,377.8691787,375.6926454
08/06/2023,451.8200048,377.8691787,375.6926454
09/06/2023,450.0968567,377.8691787,375.6926454
10/06/2023,449.3555841,377.8691787,375.6926454
11/06/2023,448.3055196,377.8691787,375.6926454
12/06/2023,453.3249735,377.8691787,375.6926454
13/06/2023,455.9180091,377.8691787,375.6926454
14/06/2023,455.2846349,377.8691787,375.6926454
15/06/2023,453.4398194,377.8691787,375.6926454
16/06/2023,457.2099521,377.8691787,375.6926454
17/06/2023,454.3276592,377.8691787,375.6926454
18/06/2023,454.4200131,377.8691787,375.6926454
19/06/2023,451.1846202,377.8691787,375.6926454
20/06/2023,460.9599251,377.8691787,375.6926454
21/06/2023,459.522052,377.8691787,375.6926454
22/06/2023,459.7565376,377.8691787,375.6926454
23/06/2023,462.3050917,377.8691787,375.6926454
24/06/2023,463.2378198,377.8691787,375.6926454
25/06/2023,467.2090185,377.8691787,375.6926454
26/06/2023,467.2200636,377.8691787,375.6926454
27/06/2023,471.4808226,377.8691787,375.6926454
28/06/2023,470.5953437,377.8691787,375.6926454
29/06/2023,470.8684753,377.8691787,375.6926454
30/06/2023,478.8651093,377.8691787,375.6926454
01/07/2023,490.885043,,
02/07/2023,500.9969772,,
03/07/2023,505.3094391,,
04/07/2023,509.1269398,,
05/07/2023,517.8558809,,
06/07/2023,513.3084816,,
07/07/2023,521.404575,,
08/07/2023,521.3561628,,
09/07/2023,524.1341798,,
10/07/2023,525.8821987,,
11/07/2023,534.8644942,,
12/07/2023,535.7811793,,
13/07/2023,540.2244885,,
14/07/2023,545.9241192,,
15/07/2023,546.6786805,,
16/07/2023,546.12271,,
17/07/2023,549.0109426,,
18/07/2023,552.9147354,,
19/07/2023,554.6499284,,
20/07/2023,564.2051491,,
21/07/2023,564.8271025,,
22/07/2023,571.9263908,,
23/07/2023,571.2067472,,
24/07/2023,571.8629329,,
25/07/2023,571.6188509,,
26/07/2023,571.1501101,,
27/07/2023,576.3634216,,
28/07/2023,572.6086371,,
29/07/2023,577.0371386,,
